recipe,video_name,time,Notes,step,bowl,microwave,tortilla,plate,knife,mug,kettle,measuring_cup,dripper,filter,scale,grinder,Object exhaustive
pinwheels,pinwheels_2023.03.01-21.35.14,0:00,,place tortilla,,,in-package,empty,,,,,,,,,
pinwheels,pinwheels_2023.03.01-21.35.14,0:15,,,,,plain,,,,,,,,,,
pinwheels,pinwheels_2023.03.01-21.35.14,0:52,,spread PB,,,,,,,,,,,,,
pinwheels,pinwheels_2023.03.01-21.35.14,1:07,,,,,peanut-butter[partial],,,,,,,,,,
pinwheels,pinwheels_2023.03.01-21.35.14,1:27,,,,,peanut-butter[full],,,,,,,,,,
pinwheels,pinwheels_2023.03.01-21.35.14,1:42,,clean knife,,,,,,,,,,,,,
pinwheels,pinwheels_2023.03.01-21.35.14,3:43,,spread J,,,,,,,,,,,,,
pinwheels,pinwheels_2023.03.01-21.35.14,,,,,,pb+jelly[partial],,,,,,,,,,
pinwheels,pinwheels_2023.03.01-21.35.14,,,,,,pb+jelly[full],,,,,,,,,,
pinwheels,pinwheels_2023.03.01-21.35.14,4:13,,clean knife,,,,,,,,,,,,,
pinwheels,pinwheels_2023.03.01-21.35.14,4:35,,roll,,,,,,,,,,,,,
pinwheels,pinwheels_2023.03.01-21.35.14,4:38,,,,,rolling,,,,,,,,,,
pinwheels,pinwheels_2023.03.01-21.35.14,5:14,,,,,rolled,,,,,,,,,,
pinwheels,pinwheels_2023.03.01-21.35.14,5:15,,insert toothpicks,,,,,,,,,,,,,
pinwheels,pinwheels_2023.03.01-21.35.14,5:27,,,,,rolled+toothpicks[partial],,,,,,,,,,
pinwheels,pinwheels_2023.03.01-21.35.14,5:37,,,,,rolled+toothpicks[full],,,,,,,,,,
pinwheels,pinwheels_2023.03.01-21.35.14,6:08,,cut ends,,,,,,,,,,,,,
pinwheels,pinwheels_2023.03.01-21.35.14,6:10,,,,,ends-cut[partial],,,,,,,,,,
pinwheels,pinwheels_2023.03.01-21.35.14,6:30,,,,,ends-cut[full],,,,,,,,,,
pinwheels,pinwheels_2023.03.01-21.35.14,6:46,,slide floss,,,,,,,,,,,,,
pinwheels,pinwheels_2023.03.01-21.35.14,7:20,,,,,floss-underneath,,,,,,,,,,
pinwheels,pinwheels_2023.03.01-21.35.14,7:23,,slice first,,,,,,,,,,,,,
pinwheels,pinwheels_2023.03.01-21.35.14,8:15,,,,,floss-crossed,,,,,,,,,,
pinwheels,pinwheels_2023.03.01-21.35.14,8:40,,,,,sliced[partial],,,,,,,,,,
pinwheels,pinwheels_2023.03.30-16.38.48,0:00,,place tortilla,,,in-package,empty,,,,,,,,,
pinwheels,pinwheels_2023.03.30-16.38.48,0:08,,,,,plain,,,,,,,,,,
pinwheels,pinwheels_2023.03.30-16.38.48,0:23,,spread PB,,,,,,,,,,,,,
pinwheels,pinwheels_2023.03.30-16.38.48,0:33,,,,,peanut-butter[partial],,,,,,,,,,
pinwheels,pinwheels_2023.03.30-16.38.48,0:50,,,,,peanut-butter[full],,,,,,,,,,
pinwheels,pinwheels_2023.03.30-16.38.48,1:24,,clean knife,,,,,,,,,,,,,
pinwheels,pinwheels_2023.03.30-16.38.48,1:38,,spread J,,,,,,,,,,,,,
pinwheels,pinwheels_2023.03.30-16.38.48,1:50,,,,,pb+jelly[partial],,,,,,,,,,
pinwheels,pinwheels_2023.03.30-16.38.48,1:59,,,,,pb+jelly[full],,,,,,,,,,
pinwheels,pinwheels_2023.03.30-16.38.48,2:19,,clean knife,,,,,,,,,,,,,
pinwheels,pinwheels_2023.03.30-16.38.48,2:30,,roll,,,,,,,,,,,,,
pinwheels,pinwheels_2023.03.30-16.38.48,2:33,,,,,rolling,,,,,,,,,,
pinwheels,pinwheels_2023.03.30-16.38.48,2:42,,,,,rolled,,,,,,,,,,
pinwheels,pinwheels_2023.03.30-16.38.48,2:49,,insert toothpicks,,,,,,,,,,,,,
pinwheels,pinwheels_2023.03.30-16.38.48,2:56,,,,,rolled+toothpicks[partial],,,,,,,,,,
pinwheels,pinwheels_2023.03.30-16.38.48,3:08,,,,,rolled+toothpicks[full],,,,,,,,,,
pinwheels,pinwheels_2023.03.30-16.38.48,3:16,,cut ends,,,,,,,,,,,,,
pinwheels,pinwheels_2023.03.30-16.38.48,3:23,,,,,ends-cut[partial],,,,,,,,,,
pinwheels,pinwheels_2023.03.30-16.38.48,3:30,,,,,ends-cut[full],,,,,,,,,,
pinwheels,pinwheels_2023.03.30-16.38.48,3:46,,slide floss,,,,,,,,,,,,,
pinwheels,pinwheels_2023.03.30-16.38.48,3:58,,,,,floss-underneath,,,,,,,,,,
pinwheels,pinwheels_2023.03.30-16.38.48,3:59,,slice first,,,,,,,,,,,,,
pinwheels,pinwheels_2023.03.30-16.38.48,3:59,,,,,floss-crossed,,,,,,,,,,
pinwheels,pinwheels_2023.03.30-16.38.48,4:06,,,,,sliced[partial],,,,,,,,,,
pinwheels,pinwheels_2023.03.30-16.38.48,4:08,,slice 2-5,,,,,,,,,,,,,
pinwheels,pinwheels_2023.03.30-16.38.48,4:34,,,,,sliced[full],,,,,,,,,,
pinwheels,pinwheels_2023.03.30-16.38.48,4:40,,put on plate,,,,,,,,,,,,,
pinwheels,pinwheels_2023.03.30-16.38.48,4:41,,,,,,with-pinwheels[partial],,,,,,,,,
pinwheels,pinwheels_2023.03.30-16.38.48,4:48,,,,,,with-pinwheels[full],,,,,,,,,
pinwheels,pinwheels_2023.03.30-16.50.36,0:00,,place tortilla,,,in-package,empty,,,,,,,,,
pinwheels,pinwheels_2023.03.30-16.50.36,0:08,,,,,plain,,,,,,,,,,
pinwheels,pinwheels_2023.03.30-16.50.36,0:17,,spread PB,,,,,,,,,,,,,
pinwheels,pinwheels_2023.03.30-16.50.36,0:28,,,,,peanut-butter[partial],,,,,,,,,,
pinwheels,pinwheels_2023.03.30-16.50.36,0:42,,,,,peanut-butter[full],,,,,,,,,,
pinwheels,pinwheels_2023.03.30-16.50.36,1:10,,clean knife,,,,,,,,,,,,,
pinwheels,pinwheels_2023.03.30-16.50.36,1:24,,spread J,,,,,,,,,,,,,
pinwheels,pinwheels_2023.03.30-16.50.36,1:35,,,,,pb+jelly[partial],,,,,,,,,,
pinwheels,pinwheels_2023.03.30-16.50.36,1:41,,,,,pb+jelly[full],,,,,,,,,,
pinwheels,pinwheels_2023.03.30-16.50.36,1:55,,clean knife,,,,,,,,,,,,,
pinwheels,pinwheels_2023.03.30-16.50.36,2:07,,roll,,,,,,,,,,,,,
pinwheels,pinwheels_2023.03.30-16.50.36,2:09,,,,,rolling,,,,,,,,,,
pinwheels,pinwheels_2023.03.30-16.50.36,2:18,,,,,rolled,,,,,,,,,,
pinwheels,pinwheels_2023.03.30-16.50.36,2:28,,insert toothpicks,,,,,,,,,,,,,
pinwheels,pinwheels_2023.03.30-16.50.36,2:34,,,,,rolled+toothpicks[partial],,,,,,,,,,
pinwheels,pinwheels_2023.03.30-16.50.36,2:48,,,,,rolled+toothpicks[full],,,,,,,,,,
pinwheels,pinwheels_2023.03.30-16.50.36,2:55,,cut ends,,,,,,,,,,,,,
pinwheels,pinwheels_2023.03.30-16.50.36,2:58,,,,,ends-cut[partial],,,,,,,,,,
pinwheels,pinwheels_2023.03.30-16.50.36,3:08,,,,,ends-cut[full],,,,,,,,,,
pinwheels,pinwheels_2023.03.30-16.50.36,3:17,,slide floss,,,,,,,,,,,,,
pinwheels,pinwheels_2023.03.30-16.50.36,3:28,,,,,floss-underneath,,,,,,,,,,
pinwheels,pinwheels_2023.03.30-16.50.36,3:31,,slice first,,,,,,,,,,,,,
pinwheels,pinwheels_2023.03.30-16.50.36,3:34,,,,,floss-crossed,,,,,,,,,,
pinwheels,pinwheels_2023.03.30-16.50.36,3:43,,,,,sliced[partial],,,,,,,,,,
pinwheels,pinwheels_2023.03.30-16.50.36,3:45,,slice 2-5,,,,,,,,,,,,,
pinwheels,pinwheels_2023.03.30-16.50.36,4:12,,,,,sliced[full],,,,,,,,,,
pinwheels,pinwheels_2023.03.30-16.50.36,4:19,,put on plate,,,,,,,,,,,,,
pinwheels,pinwheels_2023.03.30-16.50.36,4:20,,,,,,with-pinwheels[partial],,,,,,,,,
pinwheels,pinwheels_2023.03.30-16.50.36,4:25,,,,,,with-pinwheels[full],,,,,,,,,
pinwheels,pinwheels_2023.04.04-19.50.02,0:00,,place tortilla,,,in-package,empty,,,,,,,,,
pinwheels,pinwheels_2023.04.04-19.50.02,0:06,,,,,plain,,,,,,,,,,
pinwheels,pinwheels_2023.04.04-19.50.02,0:12,,spread PB,,,,,,,,,,,,,
pinwheels,pinwheels_2023.04.04-19.50.02,0:25,,,,,peanut-butter[partial],,,,,,,,,,
pinwheels,pinwheels_2023.04.04-19.50.02,0:32,,,,,peanut-butter[full],,,,,,,,,,
pinwheels,pinwheels_2023.04.04-19.50.02,0:49,,clean knife,,,,,,,,,,,,,
pinwheels,pinwheels_2023.04.04-19.50.02,1:06,,spread J,,,,,,,,,,,,,
pinwheels,pinwheels_2023.04.04-19.50.02,1:15,,,,,pb+jelly[partial],,,,,,,,,,
pinwheels,pinwheels_2023.04.04-19.50.02,1:21,,,,,pb+jelly[full],,,,,,,,,,
pinwheels,pinwheels_2023.04.04-19.50.02,1:40,,clean knife,,,,,,,,,,,,,
pinwheels,pinwheels_2023.04.04-19.50.02,1:49,,roll,,,,,,,,,,,,,
pinwheels,pinwheels_2023.04.04-19.50.02,1:50,,,,,rolling,,,,,,,,,,
pinwheels,pinwheels_2023.04.04-19.50.02,1:58,,,,,rolled,,,,,,,,,,
pinwheels,pinwheels_2023.04.04-19.50.02,2:03,,insert toothpicks,,,,,,,,,,,,,
pinwheels,pinwheels_2023.04.04-19.50.02,2:09,,,,,rolled+toothpicks[partial],,,,,,,,,,
pinwheels,pinwheels_2023.04.04-19.50.02,2:17,,,,,rolled+toothpicks[full],,,,,,,,,,
pinwheels,pinwheels_2023.04.04-19.50.02,2:21,,cut ends,,,,,,,,,,,,,
pinwheels,pinwheels_2023.04.04-19.50.02,2:25,,,,,ends-cut[partial],,,,,,,,,,
pinwheels,pinwheels_2023.04.04-19.50.02,2:32,,,,,ends-cut[full],,,,,,,,,,
pinwheels,pinwheels_2023.04.04-19.50.02,2:38,,slide floss,,,,,,,,,,,,,
pinwheels,pinwheels_2023.04.04-19.50.02,2:57,,,,,floss-underneath,,,,,,,,,,
pinwheels,pinwheels_2023.04.04-19.50.02,2:58,,slice first,,,,,,,,,,,,,
pinwheels,pinwheels_2023.04.04-19.50.02,2:59,,,,,floss-crossed,,,,,,,,,,
pinwheels,pinwheels_2023.04.04-19.50.02,3:06,,,,,sliced[partial],,,,,,,,,,
pinwheels,pinwheels_2023.04.04-19.50.02,3:08,,slice 2-5,,,,,,,,,,,,,
pinwheels,pinwheels_2023.04.04-19.50.02,3:56,,,,,sliced[full],,,,,,,,,,
pinwheels,pinwheels_2023.04.04-19.50.02,4:03,,put on plate,,,,,,,,,,,,,
pinwheels,pinwheels_2023.04.04-19.50.02,4:03,,,,,,with-pinwheels[partial],,,,,,,,,
pinwheels,pinwheels_2023.04.04-19.50.02,4:08,,,,,,with-pinwheels[full],,,,,,,,,
pinwheels,pinwheels_2023.04.03-19.38.08,0:00,,place tortilla,,,in-package,empty,,,,,,,,,
pinwheels,pinwheels_2023.04.03-19.38.08,0:11,,,,,plain,,,,,,,,,,
pinwheels,pinwheels_2023.04.03-19.38.08,0:25,,spread PB,,,,,,,,,,,,,
pinwheels,pinwheels_2023.04.03-19.38.08,0:33,,,,,peanut-butter[partial],,,,,,,,,,
pinwheels,pinwheels_2023.04.03-19.38.08,0:43,,,,,peanut-butter[full],,,,,,,,,,
pinwheels,pinwheels_2023.04.03-19.38.08,0:57,,clean knife,,,,,,,,,,,,,
pinwheels,pinwheels_2023.04.03-19.38.08,1:10,,spread J,,,,,,,,,,,,,
pinwheels,pinwheels_2023.04.03-19.38.08,1:18,,,,,pb+jelly[partial],,,,,,,,,,
pinwheels,pinwheels_2023.04.03-19.38.08,1:24,,,,,pb+jelly[full],,,,,,,,,,
pinwheels,pinwheels_2023.04.03-19.38.08,1:36,,clean knife,,,,,,,,,,,,,
pinwheels,pinwheels_2023.04.03-19.38.08,1:47,,roll,,,,,,,,,,,,,
pinwheels,pinwheels_2023.04.03-19.38.08,1:48,,,,,rolling,,,,,,,,,,
pinwheels,pinwheels_2023.04.03-19.38.08,1:55,,,,,rolled,,,,,,,,,,
pinwheels,pinwheels_2023.04.03-19.38.08,2:02,,insert toothpicks,,,,,,,,,,,,,
pinwheels,pinwheels_2023.04.03-19.38.08,2:07,,,,,rolled+toothpicks[partial],,,,,,,,,,
pinwheels,pinwheels_2023.04.03-19.38.08,2:15,,,,,rolled+toothpicks[full],,,,,,,,,,
pinwheels,pinwheels_2023.04.03-19.38.08,2:17,,cut ends,,,,,,,,,,,,,
pinwheels,pinwheels_2023.04.03-19.38.08,2:22,,,,,ends-cut[partial],,,,,,,,,,
pinwheels,pinwheels_2023.04.03-19.38.08,2:27,,,,,ends-cut[full],,,,,,,,,,
pinwheels,pinwheels_2023.04.03-19.38.08,2:32,,slide floss,,,,,,,,,,,,,
pinwheels,pinwheels_2023.04.03-19.38.08,2:42,,,,,floss-underneath,,,,,,,,,,
pinwheels,pinwheels_2023.04.03-19.38.08,2:50,,slice first,,,,,,,,,,,,,
pinwheels,pinwheels_2023.04.03-19.38.08,2:52,,,,,floss-crossed,,,,,,,,,,
pinwheels,pinwheels_2023.04.03-19.38.08,2:56,,,,,sliced[partial],,,,,,,,,,
pinwheels,pinwheels_2023.04.03-19.38.08,2:58,,slice 2-5,,,,,,,,,,,,,
pinwheels,pinwheels_2023.04.03-19.38.08,3:18,,,,,sliced[full],,,,,,,,,,
pinwheels,pinwheels_2023.04.03-19.38.08,3:22,,put on plate,,,,,,,,,,,,,
pinwheels,pinwheels_2023.04.03-19.38.08,3:23,,,,,,with-pinwheels[partial],,,,,,,,,
pinwheels,pinwheels_2023.04.03-19.38.08,3:29,,,,,,with-pinwheels[full],,,,,,,,,
pinwheels,pinwheels_2023.04.04-18.33.59,0:00,,place tortilla,,,in-package,empty,clean,,,,,,,,
pinwheels,pinwheels_2023.04.04-18.33.59,0:06,,,,,plain,,,,,,,,,,
pinwheels,pinwheels_2023.04.04-18.33.59,0:18,,spread PB,,,,,,,,,,,,,
pinwheels,pinwheels_2023.04.04-18.33.59,0:24,,,,,,,dirty,,,,,,,,
pinwheels,pinwheels_2023.04.04-18.33.59,0:27,,,,,peanut-butter[partial],,,,,,,,,,
pinwheels,pinwheels_2023.04.04-18.33.59,0:41,,,,,peanut-butter[full],,,,,,,,,,
pinwheels,pinwheels_2023.04.04-18.33.59,0:50,,clean knife,,,,,,,,,,,,,
pinwheels,pinwheels_2023.04.04-18.33.59,1:01,,,,,,,clean,,,,,,,,
pinwheels,pinwheels_2023.04.04-18.33.59,1:05,,spread J,,,,,,,,,,,,,
pinwheels,pinwheels_2023.04.04-18.33.59,1:11,,,,,,,dirty,,,,,,,,
pinwheels,pinwheels_2023.04.04-18.33.59,1:13,,,,,pb+jelly[partial],,,,,,,,,,
pinwheels,pinwheels_2023.04.04-18.33.59,1:18,,,,,pb+jelly[full],,,,,,,,,,
pinwheels,pinwheels_2023.04.04-18.33.59,1:31,,clean knife,,,,,,,,,,,,,
pinwheels,pinwheels_2023.04.04-18.33.59,1:34,,,,,,,clean,,,,,,,,
pinwheels,pinwheels_2023.04.04-18.33.59,1:40,,roll,,,,,,,,,,,,,
pinwheels,pinwheels_2023.04.04-18.33.59,1:41,,,,,rolling,,,,,,,,,,
pinwheels,pinwheels_2023.04.04-18.33.59,1:46,,,,,rolled,,,,,,,,,,
pinwheels,pinwheels_2023.04.04-18.33.59,1:52,,insert toothpicks,,,,,,,,,,,,,
pinwheels,pinwheels_2023.04.04-18.33.59,2:00,,,,,rolled+toothpicks[partial],,,,,,,,,,
pinwheels,pinwheels_2023.04.04-18.33.59,2:08,,,,,rolled+toothpicks[full],,,,,,,,,,
pinwheels,pinwheels_2023.04.04-18.33.59,2:15,,cut ends,,,,,,,,,,,,,
pinwheels,pinwheels_2023.04.04-18.33.59,2:18,,,,,ends-cut[partial],,,,,,,,,,
pinwheels,pinwheels_2023.04.04-18.33.59,2:25,,,,,ends-cut[full],,,,,,,,,,
pinwheels,pinwheels_2023.04.04-18.33.59,2:34,,slide floss,,,,,,,,,,,,,
pinwheels,pinwheels_2023.04.04-18.33.59,2:49,,,,,floss-underneath,,,,,,,,,,
pinwheels,pinwheels_2023.04.04-18.33.59,2:53,,slice first,,,,,,,,,,,,,
pinwheels,pinwheels_2023.04.04-18.33.59,2:53,,,,,floss-crossed,,,,,,,,,,
pinwheels,pinwheels_2023.04.04-18.33.59,3:01,,,,,sliced[partial],,,,,,,,,,
pinwheels,pinwheels_2023.04.04-18.33.59,3:02,,slice 2-5,,,,,,,,,,,,,
pinwheels,pinwheels_2023.04.04-18.33.59,3:53,,,,,sliced[full],,,,,,,,,,
pinwheels,pinwheels_2023.04.04-18.33.59,3:59,,put on plate,,,,,,,,,,,,,
pinwheels,pinwheels_2023.04.04-18.33.59,4:00,,,,,,with-pinwheels[partial],,,,,,,,,
pinwheels,pinwheels_2023.04.04-18.33.59,4:05,,,,,,with-pinwheels[full],,,,,,,,,
pinwheels,pinwheels_2023.03.08-17.46.28,0:00,,place tortilla,,,in-package,empty,clean,,,,,,,,
pinwheels,pinwheels_2023.03.08-17.46.28,0:04,,,,,plain,,,,,,,,,,
pinwheels,pinwheels_2023.03.08-17.46.28,0:07,,spread PB,,,,,,,,,,,,,
pinwheels,pinwheels_2023.03.08-17.46.28,0:20,,,,,,,dirty,,,,,,,,
pinwheels,pinwheels_2023.03.08-17.46.28,0:26,,,,,peanut-butter[partial],,,,,,,,,,
pinwheels,pinwheels_2023.03.08-17.46.28,0:33,,,,,peanut-butter[full],,,,,,,,,,
pinwheels,pinwheels_2023.03.08-17.46.28,0:48,,clean knife,,,,,,,,,,,,,
pinwheels,pinwheels_2023.03.08-17.46.28,0:55,,,,,,,clean,,,,,,,,
pinwheels,pinwheels_2023.03.08-17.46.28,1:03,,spread J,,,,,,,,,,,,,
pinwheels,pinwheels_2023.03.08-17.46.28,1:05,,,,,,,dirty,,,,,,,,
pinwheels,pinwheels_2023.03.08-17.46.28,1:07,,,,,pb+jelly[partial],,,,,,,,,,
pinwheels,pinwheels_2023.03.08-17.46.28,,,,,,pb+jelly[full],,,,,,,,,,
pinwheels,pinwheels_2023.03.08-17.46.28,1:22,,clean knife,,,,,,,,,,,,,
pinwheels,pinwheels_2023.03.08-17.46.28,1:24,,,,,,,clean,,,,,,,,
pinwheels,pinwheels_2023.03.08-17.46.28,1:35,,roll,,,,,,,,,,,,,
pinwheels,pinwheels_2023.03.08-17.46.28,1:36,,,,,rolling,,,,,,,,,,
pinwheels,pinwheels_2023.03.08-17.46.28,1:42,,,,,rolled,,,,,,,,,,
pinwheels,pinwheels_2023.03.08-17.46.28,2:05,,insert toothpicks,,,,,,,,,,,,,
pinwheels,pinwheels_2023.03.08-17.46.28,2:12,,,,,rolled+toothpicks[partial],,,,,,,,,,
pinwheels,pinwheels_2023.03.08-17.46.28,2:26,,,,,rolled+toothpicks[full],,,,,,,,,,
pinwheels,pinwheels_2023.03.08-17.46.28,2:31,,cut ends,,,,,,,,,,,,,
pinwheels,pinwheels_2023.03.08-17.46.28,2:41,,,,,ends-cut[partial],,,,,,,,,,
pinwheels,pinwheels_2023.03.08-17.46.28,2:50,,,,,ends-cut[full],,,,,,,,,,
pinwheels,pinwheels_2023.03.08-17.46.28,2:59,,slide floss,,,,,,,,,,,,,
pinwheels,pinwheels_2023.03.08-17.46.28,3:09,,,,,floss-underneath,,,,,,,,,,
pinwheels,pinwheels_2023.03.08-17.46.28,3:14,,slice first,,,,,,,,,,,,,
pinwheels,pinwheels_2023.03.08-17.46.28,3:14,,,,,floss-crossed,,,,,,,,,,
pinwheels,pinwheels_2023.03.08-17.46.28,3:19,,,,,sliced[partial],,,,,,,,,,
pinwheels,pinwheels_2023.03.08-17.46.28,3:23,,slice 2-5,,,,,,,,,,,,,
pinwheels,pinwheels_2023.03.08-17.46.28,3:54,,,,,sliced[full],,,,,,,,,,
pinwheels,pinwheels_2023.03.08-17.46.28,4:02,,put on plate,,,,,,,,,,,,,
pinwheels,pinwheels_2023.03.08-17.46.28,4:03,,,,,,with-pinwheels[partial],,,,,,,,,
pinwheels,pinwheels_2023.03.08-17.46.28,4:17,,,,,,with-pinwheels[full],,,,,,,,,
pinwheels,pinwheels_2023.03.02-22.56.36,0:00,,place tortilla,,,in-package,empty,clean,,,,,,,,
pinwheels,pinwheels_2023.03.02-22.56.36,0:08,,,,,plain,,,,,,,,,,
pinwheels,pinwheels_2023.03.02-22.56.36,0:24,,spread PB,,,,,,,,,,,,,
pinwheels,pinwheels_2023.03.02-22.56.36,0:29,,,,,,,dirty,,,,,,,,
pinwheels,pinwheels_2023.03.02-22.56.36,0:31,,,,,peanut-butter[partial],,,,,,,,,,
pinwheels,pinwheels_2023.03.02-22.56.36,0:42,,,,,peanut-butter[full],,,,,,,,,,
pinwheels,pinwheels_2023.03.02-22.56.36,0:54,,clean knife,,,,,,,,,,,,,
pinwheels,pinwheels_2023.03.02-22.56.36,1:01,,,,,,,clean,,,,,,,,
pinwheels,pinwheels_2023.03.02-22.56.36,1:09,,spread J,,,,,,,,,,,,,
pinwheels,pinwheels_2023.03.02-22.56.36,1:14,,,,,,,dirty,,,,,,,,
pinwheels,pinwheels_2023.03.02-22.56.36,1:19,,,,,pb+jelly[partial],,,,,,,,,,
pinwheels,pinwheels_2023.03.02-22.56.36,1:30,,,,,pb+jelly[full],,,,,,,,,,
pinwheels,pinwheels_2023.03.02-22.56.36,1:43,,clean knife,,,,,,,,,,,,,
pinwheels,pinwheels_2023.03.02-22.56.36,1:47,,,,,,,clean,,,,,,,,
pinwheels,pinwheels_2023.03.02-22.56.36,2:16,,roll,,,,,,,,,,,,,
pinwheels,pinwheels_2023.03.02-22.56.36,2:17,,,,,rolling,,,,,,,,,,
pinwheels,pinwheels_2023.03.02-22.56.36,2:23,,,,,rolled,,,,,,,,,,
pinwheels,pinwheels_2023.03.02-22.56.36,2:34,,insert toothpicks,,,,,,,,,,,,,
pinwheels,pinwheels_2023.03.02-22.56.36,2:54,,,,,rolled+toothpicks[partial],,,,,,,,,,
pinwheels,pinwheels_2023.03.02-22.56.36,3:03,,,,,rolled+toothpicks[full],,,,,,,,,,
pinwheels,pinwheels_2023.03.02-22.56.36,3:08,,cut ends,,,,,,,,,,,,,
pinwheels,pinwheels_2023.03.02-22.56.36,3:12,,,,,ends-cut[partial],,,,,,,,,,
pinwheels,pinwheels_2023.03.02-22.56.36,3:20,,,,,ends-cut[full],,,,,,,,,,
pinwheels,pinwheels_2023.03.02-22.56.36,3:32,,slide floss,,,,,,,,,,,,,
pinwheels,pinwheels_2023.03.02-22.56.36,3:49,,,,,floss-underneath,,,,,,,,,,
pinwheels,pinwheels_2023.03.02-22.56.36,3:53,,slice first,,,,,,,,,,,,,
pinwheels,pinwheels_2023.03.02-22.56.36,3:54,,,,,floss-crossed,,,,,,,,,,
pinwheels,pinwheels_2023.03.02-22.56.36,4:00,,,,,sliced[partial],,,,,,,,,,
pinwheels,pinwheels_2023.03.02-22.56.36,4:01,,slice 2-5,,,,,,,,,,,,,
pinwheels,pinwheels_2023.03.02-22.56.36,4:21,,,,,sliced[full],,,,,,,,,,
pinwheels,pinwheels_2023.03.02-22.56.36,4:23,,put on plate,,,,,,,,,,,,,
pinwheels,pinwheels_2023.03.02-22.56.36,4:25,,,,,,with-pinwheels[partial],,,,,,,,,
pinwheels,pinwheels_2023.03.02-22.56.36,4:28,,,,,,with-pinwheels[full],,,,,,,,,
quesadilla,quesadilla_2023.06.16-18.53.43,0:00,,place tortilla,,,in-package,empty,clean,,,,,,,,
quesadilla,quesadilla_2023.06.16-18.53.43,0:11,,,,,plain,,,,,,,,,,
quesadilla,quesadilla_2023.06.16-18.53.43,0:12,,spread Nutella,,,,,,,,,,,,,
quesadilla,quesadilla_2023.06.16-18.53.43,0:15,,,,,,,dirty,,,,,,,,
quesadilla,quesadilla_2023.06.16-18.53.43,0:17,,,,,nutella[partial],,,,,,,,,,
quesadilla,quesadilla_2023.06.16-18.53.43,0:29,,,,,nutella[full],,,,,,,,,,
quesadilla,quesadilla_2023.06.16-18.53.43,0:35,,add banana,,,,,,,,,,,,,
quesadilla,quesadilla_2023.06.16-18.53.43,0:38,,,,,nutella+banana[partial],,,,,,,,,,
quesadilla,quesadilla_2023.06.16-18.53.43,0:55,,,,,nutella+banana[full],,,,,,,,,,
quesadilla,quesadilla_2023.06.16-18.53.43,1:04,,add cinnamon,,,,,,,,,,,,,
quesadilla,quesadilla_2023.06.16-18.53.43,1:27,,,,,nutella+banana+cinnamon,,,,,,,,,,
quesadilla,quesadilla_2023.06.16-18.53.43,1:33,,fold,,,,,,,,,,,,,
quesadilla,quesadilla_2023.06.16-18.53.43,1:33,,,,,folding,,,,,,,,,,
quesadilla,quesadilla_2023.06.16-18.53.43,1:34,,,,,folded,,,,,,,,,,
quesadilla,quesadilla_2023.06.16-18.53.43,1:37,,cut in half,,,,,,,,,,,,,
quesadilla,quesadilla_2023.06.16-18.53.43,1:42,,,,,cut,,,,,,,,,,
quesadilla,quesadilla_2023.06.16-18.53.43,1:44,,put on plate,,,,,,,,,,,,,
quesadilla,quesadilla_2023.06.16-18.53.43,1:45,,,,,,with-quesadilla[partial],,,,,,,,,
quesadilla,quesadilla_2023.06.16-18.53.43,1:46,,,,,,with-quesadilla[full],,,,,,,,,
quesadilla,quesadilla_2023.06.16-18.57.48,0:00,,place tortilla,,,in-package,empty,clean,,,,,,,,
quesadilla,quesadilla_2023.06.16-18.57.48,0:09,,,,,plain,,,,,,,,,,
quesadilla,quesadilla_2023.06.16-18.57.48,0:12,,spread Nutella,,,,,,,,,,,,,
quesadilla,quesadilla_2023.06.16-18.57.48,0:19,,,,,,,dirty,,,,,,,,
quesadilla,quesadilla_2023.06.16-18.57.48,0:24,,,,,nutella[partial],,,,,,,,,,
quesadilla,quesadilla_2023.06.16-18.57.48,0:43,,,,,nutella[full],,,,,,,,,,
quesadilla,quesadilla_2023.06.16-18.57.48,0:59,,add banana,,,,,,,,,,,,,
quesadilla,quesadilla_2023.06.16-18.57.48,1:03,,,,,nutella+banana[partial],,,,,,,,,,
quesadilla,quesadilla_2023.06.16-18.57.48,1:14,,,,,nutella+banana[full],,,,,,,,,,
quesadilla,quesadilla_2023.06.16-18.57.48,1:22,,add cinnamon,,,,,,,,,,,,,
quesadilla,quesadilla_2023.06.16-18.57.48,1:27,,,,,nutella+banana+cinnamon,,,,,,,,,,
quesadilla,quesadilla_2023.06.16-18.57.48,1:35,,fold,,,,,,,,,,,,,
quesadilla,quesadilla_2023.06.16-18.57.48,1:37,,,,,folding,,,,,,,,,,
quesadilla,quesadilla_2023.06.16-18.57.48,1:38,,,,,folded,,,,,,,,,,
quesadilla,quesadilla_2023.06.16-18.57.48,1:41,,cut in half,,,,,,,,,,,,,
quesadilla,quesadilla_2023.06.16-18.57.48,1:46,,,,,cut,,,,,,,,,,
quesadilla,quesadilla_2023.06.16-18.57.48,1:51,,put on plate,,,,,,,,,,,,,
quesadilla,quesadilla_2023.06.16-18.57.48,1:53,,,,,on-plate[partial],with-quesadilla[partial],,,,,,,,,
quesadilla,quesadilla_2023.06.16-18.57.48,1:56,,,,,on-plate[full],with-quesadilla[full],,,,,,,,,
quesadilla,quesadilla_2023.06.16-19.00.58,0:00,,place tortilla,,,in-package,empty,clean,,,,,,,,
quesadilla,quesadilla_2023.06.16-19.00.58,0:06,,,,,plain,,,,,,,,,,
quesadilla,quesadilla_2023.06.16-19.00.58,0:11,,spread Nutella,,,,,,,,,,,,,
quesadilla,quesadilla_2023.06.16-19.00.58,0:18,,,,,,,dirty,,,,,,,,
quesadilla,quesadilla_2023.06.16-19.00.58,0:20,,,,,nutella[partial],,,,,,,,,,
quesadilla,quesadilla_2023.06.16-19.00.58,0:34,,,,,nutella[full],,,,,,,,,,
quesadilla,quesadilla_2023.06.16-19.00.58,0:55,,add banana,,,,,,,,,,,,,
quesadilla,quesadilla_2023.06.16-19.00.58,1:01,,,,,nutella+banana[partial],,,,,,,,,,
quesadilla,quesadilla_2023.06.16-19.00.58,1:07,,,,,nutella+banana[full],,,,,,,,,,
quesadilla,quesadilla_2023.06.16-19.00.58,1:17,,add cinnamon,,,,,,,,,,,,,
quesadilla,quesadilla_2023.06.16-19.00.58,1:23,,,,,nutella+banana+cinnamon,,,,,,,,,,
quesadilla,quesadilla_2023.06.16-19.00.58,1:33,,fold,,,,,,,,,,,,,
quesadilla,quesadilla_2023.06.16-19.00.58,1:35,,,,,folding,,,,,,,,,,
quesadilla,quesadilla_2023.06.16-19.00.58,1:37,,,,,folded,,,,,,,,,,
quesadilla,quesadilla_2023.06.16-19.00.58,1:40,,cut in half,,,,,,,,,,,,,
quesadilla,quesadilla_2023.06.16-19.00.58,1:44,,,,,cut,,,,,,,,,,
quesadilla,quesadilla_2023.06.16-19.00.58,1:52,,put on plate,,,,,,,,,,,,,
quesadilla,quesadilla_2023.06.16-19.00.58,1:54,,,,,,with-quesadilla[partial],,,,,,,,,
quesadilla,quesadilla_2023.06.16-19.00.58,1:58,,,,,,with-quesadilla[full],,,,,,,,,
oatmeal,oatmeal_2023.06.16-20.33.26,0:00,,1,empty,,,,,,,,,,,,TRUE
oatmeal,oatmeal_2023.06.16-20.33.26,0:14,,,oatmeal[dry],,,,,,,,,,,,TRUE
oatmeal,oatmeal_2023.06.16-20.33.26,0:33,,2,,,,,,,,,,,,,TRUE
oatmeal,oatmeal_2023.06.16-20.33.26,0:48,,,oatmeal+water,,,,,,,,,,,,TRUE
oatmeal,oatmeal_2023.06.16-20.33.26,0:56,,3,,,,,,,,,,,,,TRUE
oatmeal,oatmeal_2023.06.16-20.33.26,1:43,,,oatmeal[cooked],,,,,,,,,,,,TRUE
oatmeal,oatmeal_2023.06.16-20.33.26,1:50,,4,,,,,,,,,,,,,TRUE
oatmeal,oatmeal_2023.06.16-20.33.26,2:11,,,oatmeal[cooked]+raisins,,,,,,,,,,,,TRUE
oatmeal,oatmeal_2023.06.16-20.33.26,2:23,,5,,,,,,,,,,,,,TRUE
oatmeal,oatmeal_2023.06.16-20.33.26,3:38,,,oatmeal+raisins[cooked],,,,,,,,,,,,TRUE
oatmeal,oatmeal_2023.06.16-20.33.26,4:13,,6,,,,,,,,,,,,,TRUE
oatmeal,oatmeal_2023.06.16-20.33.26,4:47,,,oatmeal+raisins[cooked]+banana,,,,,,,,,,,,TRUE
oatmeal,oatmeal_2023.06.16-20.33.26,5:04,,7,,,,,,,,,,,,,TRUE
oatmeal,oatmeal_2023.06.16-20.33.26,5:09,,,oatmeal+raisins[cooked]+banana+cinnamon,,,,,,,,,,,,TRUE
oatmeal,oatmeal_2023.06.16-20.33.26,5:19,,,oatmeal+raisins[cooked]+banana+cinnamon+honey,,,,,,,,,,,,TRUE
oatmeal,oatmeal_2023.06.16-20.08.08,0:00,,1,empty,,,,,,,,,,,,TRUE
oatmeal,oatmeal_2023.06.16-20.08.08,0:16,,,oatmeal[dry],,,,,,,,,,,,TRUE
oatmeal,oatmeal_2023.06.16-20.08.08,0:34,,2,,,,,,,,,,,,,TRUE
oatmeal,oatmeal_2023.06.16-20.08.08,0:55,,,oatmeal+water,,,,,,,,,,,,TRUE
oatmeal,oatmeal_2023.06.16-20.08.08,1:06,,3,,,,,,,,,,,,,TRUE
oatmeal,oatmeal_2023.06.16-20.08.08,1:51,,,oatmeal[cooked],,,,,,,,,,,,TRUE
oatmeal,oatmeal_2023.06.16-20.08.08,2:05,,4,,,,,,,,,,,,,TRUE
oatmeal,oatmeal_2023.06.16-20.08.08,2:20,,,oatmeal[cooked]+raisins,,,,,,,,,,,,TRUE
oatmeal,oatmeal_2023.06.16-20.08.08,2:41,,5,,,,,,,,,,,,,TRUE
oatmeal,oatmeal_2023.06.16-20.08.08,3:56,,,oatmeal+raisins[cooked],,,,,,,,,,,,TRUE
oatmeal,oatmeal_2023.06.16-20.08.08,4:22,,6,,,,,,,,,,,,,TRUE
oatmeal,oatmeal_2023.06.16-20.08.08,4:59,,,oatmeal+raisins[cooked]+banana,,,,,,,,,,,,TRUE
oatmeal,oatmeal_2023.06.16-20.08.08,5:09,,7,,,,,,,,,,,,,TRUE
oatmeal,oatmeal_2023.06.16-20.08.08,5:15,,,oatmeal+raisins[cooked]+banana+cinnamon,,,,,,,,,,,,TRUE
oatmeal,oatmeal_2023.06.16-20.08.08,5:31,,,oatmeal+raisins[cooked]+banana+cinnamon+honey,,,,,,,,,,,,TRUE
oatmeal,oatmeal_2023.06.16-20.18.26,0:00,,1,empty,,,,,,,,,,,,TRUE
oatmeal,oatmeal_2023.06.16-20.18.26,0:10,,,oatmeal[dry],,,,,,,,,,,,TRUE
oatmeal,oatmeal_2023.06.16-20.18.26,0:27,,2,,,,,,,,,,,,,TRUE
oatmeal,oatmeal_2023.06.16-20.18.26,0:43,,,oatmeal+water,,,,,,,,,,,,TRUE
oatmeal,oatmeal_2023.06.16-20.18.26,0:53,,3,,,,,,,,,,,,,TRUE
oatmeal,oatmeal_2023.06.16-20.18.26,1:40,,,oatmeal[cooked],,,,,,,,,,,,TRUE
oatmeal,oatmeal_2023.06.16-20.18.26,1:47,,4,,,,,,,,,,,,,TRUE
oatmeal,oatmeal_2023.06.16-20.18.26,2:06,,,oatmeal[cooked]+raisins,,,,,,,,,,,,TRUE
oatmeal,oatmeal_2023.06.16-20.18.26,2:19,,5,,,,,,,,,,,,,TRUE
oatmeal,oatmeal_2023.06.16-20.18.26,3:34,,,oatmeal+raisins[cooked],,,,,,,,,,,,TRUE
oatmeal,oatmeal_2023.06.16-20.18.26,4:04,,6,,,,,,,,,,,,,TRUE
oatmeal,oatmeal_2023.06.16-20.18.26,4:48,,,oatmeal+raisins[cooked]+banana,,,,,,,,,,,,TRUE
oatmeal,oatmeal_2023.06.16-20.18.26,5:05,,7,,,,,,,,,,,,,TRUE
oatmeal,oatmeal_2023.06.16-20.18.26,5:11,,,oatmeal+raisins[cooked]+banana+cinnamon,,,,,,,,,,,,TRUE
oatmeal,oatmeal_2023.06.16-20.18.26,5:22,,,oatmeal+raisins[cooked]+banana+cinnamon+honey,,,,,,,,,,,,TRUE
oatmeal,oatmeal_2023.06.30-20.10.42,0:00,,1,empty,,,,,,,,,,,,TRUE
oatmeal,oatmeal_2023.06.30-20.10.42,0:11,,,oatmeal[dry],,,,,,,,,,,,TRUE
oatmeal,oatmeal_2023.06.30-20.10.42,0:28,,2,,,,,,,,,,,,,TRUE
oatmeal,oatmeal_2023.06.30-20.10.42,0:55,,,oatmeal+water,,,,,,,,,,,,TRUE
oatmeal,oatmeal_2023.06.30-20.10.42,1:02,,3,,,,,,,,,,,,,TRUE
oatmeal,oatmeal_2023.06.30-20.10.42,1:50,,,oatmeal[cooked],,,,,,,,,,,,TRUE
oatmeal,oatmeal_2023.06.30-20.10.42,1:51,,4,,,,,,,,,,,,,TRUE
oatmeal,oatmeal_2023.06.30-20.10.42,2:05,,,oatmeal[cooked]+raisins,,,,,,,,,,,,TRUE
oatmeal,oatmeal_2023.06.30-20.10.42,2:26,,5,,,,,,,,,,,,,TRUE
oatmeal,oatmeal_2023.06.30-20.10.42,3:45,,,oatmeal+raisins[cooked],,,,,,,,,,,,TRUE
oatmeal,oatmeal_2023.06.30-20.10.42,3:46,,7,,,,,,,,,,,,,TRUE
oatmeal,oatmeal_2023.06.30-20.10.42,4:20,,,oatmeal+raisins[cooked]+cinnamon,,,,,,,,,,,,TRUE
oatmeal,oatmeal_2023.06.30-20.10.42,4:35,,,oatmeal+raisins[cooked]+cinnamon+honey,,,,,,,,,,,,TRUE
oatmeal,oatmeal_2023.06.30-20.21.07,0:00,,1,empty,,,,,,,,,,,,TRUE
oatmeal,oatmeal_2023.06.30-20.21.07,0:11,,,oatmeal[dry],,,,,,,,,,,,TRUE
oatmeal,oatmeal_2023.06.30-20.21.07,0:25,,2,,,,,,,,,,,,,TRUE
oatmeal,oatmeal_2023.06.30-20.21.07,0:38,,,oatmeal+water,,,,,,,,,,,,TRUE
oatmeal,oatmeal_2023.06.30-20.21.07,0:45,,3,,,,,,,,,,,,,TRUE
oatmeal,oatmeal_2023.06.30-20.21.07,1:30,,,oatmeal[cooked],,,,,,,,,,,,TRUE
oatmeal,oatmeal_2023.06.30-20.21.07,1:38,,4,,,,,,,,,,,,,TRUE
oatmeal,oatmeal_2023.06.30-20.21.07,1:55,,,oatmeal[cooked]+raisins,,,,,,,,,,,,TRUE
oatmeal,oatmeal_2023.06.30-20.21.07,,,,oatmeal+raisins[cooked],,,,,,,,,,,,TRUE
oatmeal,oatmeal_2023.06.30-20.21.07,2:25,,6,,,,,,,,,,,,,TRUE
oatmeal,oatmeal_2023.06.30-20.21.07,2:53,,,oatmeal+raisins[cooked]+banana,,,,,,,,,,,,TRUE
oatmeal,oatmeal_2023.06.30-20.21.07,3:05,,7,,,,,,,,,,,,,TRUE
oatmeal,oatmeal_2023.06.30-20.21.07,3:11,,,oatmeal+raisins[cooked]+banana+cinnamon,,,,,,,,,,,,TRUE
oatmeal,oatmeal_2023.06.30-20.21.07,3:30,,,oatmeal+raisins[cooked]+banana+cinnamon+honey,,,,,,,,,,,,TRUE
oatmeal,oatmeal_mit-eval,0:00,,1,empty,,,,,,,,,,,,
oatmeal,oatmeal_mit-eval,0:14,,,oatmeal[dry],,,,,,,,,,,,
oatmeal,oatmeal_mit-eval,0:34,,2,,,,,,,,,,,,,
oatmeal,oatmeal_mit-eval,0:50,,,oatmeal+water,,,,,,,,,,,,
oatmeal,oatmeal_mit-eval,0:56,,3,,,,,,,,,,,,,
oatmeal,oatmeal_mit-eval,1:47,,,oatmeal[cooked],,,,,,,,,,,,
oatmeal,oatmeal_mit-eval,1:50,,4,,,,,,,,,,,,,
oatmeal,oatmeal_mit-eval,1:59,,,oatmeal[cooked]+raisins,,,,,,,,,,,,
oatmeal,oatmeal_mit-eval,2:19,,5,,,,,,,,,,,,,
oatmeal,oatmeal_mit-eval,3:31,,,oatmeal+raisins[cooked],,,,,,,,,,,,
oatmeal,oatmeal_mit-eval,3:46,,6,,,,,,,,,,,,,
oatmeal,oatmeal_mit-eval,3:49,,,oatmeal+raisins[cooked]+banana,,,,,,,,,,,,
oatmeal,oatmeal_mit-eval,3:59,,7,,,,,,,,,,,,,
oatmeal,oatmeal_mit-eval,4:04,,,oatmeal+raisins[cooked]+banana+cinnamon,,,,,,,,,,,,
oatmeal,oatmeal_mit-eval,4:14,,,oatmeal+raisins[cooked]+banana+cinnamon+honey,,,,,,,,,,,,
quesadilla,quesadilla_mit-eval,0:00,,place tortilla,,,in-package,empty,clean,,,,,,,,
quesadilla,quesadilla_mit-eval,0:26,,,,,plain,,,,,,,,,,
quesadilla,quesadilla_mit-eval,0:30,,spread Nutella,,,,,,,,,,,,,
quesadilla,quesadilla_mit-eval,0:36,,,,,,,dirty,,,,,,,,
quesadilla,quesadilla_mit-eval,0:39,,,,,nutella[partial],,,,,,,,,,
quesadilla,quesadilla_mit-eval,0:53,,,,,nutella[full],,,,,,,,,,
quesadilla,quesadilla_mit-eval,1:01,,add banana,,,,,,,,,,,,,
quesadilla,quesadilla_mit-eval,1:45,,,,,nutella+banana[partial],,,,,,,,,,
quesadilla,quesadilla_mit-eval,1:55,,,,,nutella+banana[full],,,,,,,,,,
quesadilla,quesadilla_mit-eval,2:00,,add cinnamon,,,,,,,,,,,,,
quesadilla,quesadilla_mit-eval,2:04,,,,,nutella+banana+cinnamon,,,,,,,,,,
quesadilla,quesadilla_mit-eval,2:12,,fold,,,,,,,,,,,,,
quesadilla,quesadilla_mit-eval,2:14,,,,,folding,,,,,,,,,,
quesadilla,quesadilla_mit-eval,2:15,,,,,folded,,,,,,,,,,
quesadilla,quesadilla_mit-eval,2:21,,cut in half,,,,,,,,,,,,,
quesadilla,quesadilla_mit-eval,2:27,,,,,cut,,,,,,,,,,
quesadilla,quesadilla_mit-eval,2:30,,put on plate,,,,,,,,,,,,,
quesadilla,quesadilla_mit-eval,2:32,,,,,,with-quesadilla[full],,,,,,,,,
pinwheels,pinwheels_mit-eval,0:00,,place tortilla,,,in-package,empty,clean,,,,,,,,
pinwheels,pinwheels_mit-eval,0:18,,,,,plain,,,,,,,,,,
pinwheels,pinwheels_mit-eval,0:20,,spread PB,,,,,,,,,,,,,
pinwheels,pinwheels_mit-eval,0:26,,,,,,,dirty,,,,,,,,
pinwheels,pinwheels_mit-eval,0:29,,,,,peanut-butter[partial],,,,,,,,,,
pinwheels,pinwheels_mit-eval,0:53,,,,,peanut-butter[full],,,,,,,,,,
pinwheels,pinwheels_mit-eval,0:55,,clean knife,,,,,,,,,,,,,
pinwheels,pinwheels_mit-eval,1:00,,,,,,,clean,,,,,,,,
pinwheels,pinwheels_mit-eval,1:06,,spread J,,,,,,,,,,,,,
pinwheels,pinwheels_mit-eval,1:12,,,,,,,dirty,,,,,,,,
pinwheels,pinwheels_mit-eval,1:21,,,,,pb+jelly[partial],,,,,,,,,,
pinwheels,pinwheels_mit-eval,1:37,,,,,pb+jelly[full],,,,,,,,,,
pinwheels,pinwheels_mit-eval,1:38,,clean knife,,,,,,,,,,,,,
pinwheels,pinwheels_mit-eval,1:42,,,,,,,clean,,,,,,,,
pinwheels,pinwheels_mit-eval,1:49,,roll,,,,,,,,,,,,,
pinwheels,pinwheels_mit-eval,1:50,,,,,rolling,,,,,,,,,,
pinwheels,pinwheels_mit-eval,1:56,,,,,rolled,,,,,,,,,,
pinwheels,pinwheels_mit-eval,1:59,,insert toothpicks,,,,,,,,,,,,,
pinwheels,pinwheels_mit-eval,2:09,,,,,rolled+toothpicks[partial],,,,,,,,,,
pinwheels,pinwheels_mit-eval,2:30,,,,,rolled+toothpicks[full],,,,,,,,,,
pinwheels,pinwheels_mit-eval,2:31,,cut ends,,,,,,,,,,,,,
pinwheels,pinwheels_mit-eval,2:33,,,,,ends-cut[partial],,,,,,,,,,
pinwheels,pinwheels_mit-eval,2:39,,,,,ends-cut[full],,,,,,,,,,
pinwheels,pinwheels_mit-eval,2:45,,slide floss,,,,,,,,,,,,,
pinwheels,pinwheels_mit-eval,2:56,,,,,floss-underneath,,,,,,,,,,
pinwheels,pinwheels_mit-eval,2:59,,slice first,,,,,,,,,,,,,
pinwheels,pinwheels_mit-eval,3:02,,,,,floss-crossed,,,,,,,,,,
pinwheels,pinwheels_mit-eval,3:03,,,,,sliced[partial],,,,,,,,,,
pinwheels,pinwheels_mit-eval,3:07,,slice 2-5,,,,,,,,,,,,,
pinwheels,pinwheels_mit-eval,3:28,,,,,sliced[full],,,,,,,,,,
pinwheels,pinwheels_mit-eval,3:30,,put on plate,,,,,,,,,,,,,
pinwheels,pinwheels_mit-eval,3:33,,,,,,with-pinwheels[partial],,,,,,,,,
pinwheels,pinwheels_mit-eval,3:43,,,,,,with-pinwheels[full],,,,,,,,,
tea,tea_mit-eval,0:00,,,,,,,,empty,empty,empty,,,,,
tea,tea_mit-eval,0:16,,,,,,,,,,water,,,,,
tea,tea_mit-eval,0:31,,,,,,,,,water,,,,,,
tea,tea_mit-eval,0:33,,,,,,,,,,empty,,,,,
tea,tea_mit-eval,0:52,,,,,,,,tea-bag,,,,,,,
tea,tea_mit-eval,1:06,,,,,,,,,with-thermometer,,,,,,
tea,tea_mit-eval,1:10,,,,,,,,,water,,,,,,
tea,tea_mit-eval,1:25,,,,,,,,tea-bag+water[partial],,,,,,,
tea,tea_mit-eval,1:32,,,,,,,,tea-bag+water[full],empty,,,,,,
tea,tea_mit-eval,2:27,,,,,,,,water[full],,,,,,,
tea,tea_mit-eval,2:37,,,,,,,,water+honey,,,,,,,
tea,tea_mit-eval,2:45,,,,,,,,water+honey[stirred],,,,,,,
coffee,coffee_mit-eval,0:00,,1. measure water,empty,,,,,empty,,empty,empty,stacked,power-off+empty,closed,
coffee,coffee_mit-eval,0:09,,,,,,,,,,water[partial],,,,,
coffee,coffee_mit-eval,0:11,,,,,,,,,,water[full],,,,,
coffee,coffee_mit-eval,0:20,,,,,,,,,,empty,,,,,
coffee,coffee_mit-eval,0:22,,2. assemble filter,,,,,,,,,,,,,
coffee,coffee_mit-eval,0:28,,,,,,,,dripper,,,on-mug,,,,
coffee,coffee_mit-eval,0:29,,3. fold filter paper,,,,,,,,,,,,,
coffee,coffee_mit-eval,0:30,,,,,,,,,,,,single,,,
coffee,coffee_mit-eval,0:31,,,,,,,,,,,,folded[half],,,
coffee,coffee_mit-eval,0:34,,,,,,,,,,,,folded[quarter],,,
coffee,coffee_mit-eval,0:39,,,,,,,,dripper+filter,,,filter,in-dripper,,,
coffee,coffee_mit-eval,0:43,,4. weigh beans,,,,,,,,,,,,,
coffee,coffee_mit-eval,0:44,,,,,,,,,,,,,power-off+bowl,,
coffee,coffee_mit-eval,0:45,,,,,,,,,,,,,power-on+bowl,,
coffee,coffee_mit-eval,0:49,,,beans,,,,,,,,,,power-on+bowl+beans,,
coffee,coffee_mit-eval,0:58,,,,,,,,,,,,,empty,,
coffee,coffee_mit-eval,1:00,,,,,,,,,,,,,,open+empty,
coffee,coffee_mit-eval,1:01,,,empty,,,,,,,,,,,open+beans,
coffee,coffee_mit-eval,1:02,,,,,,,,,,,,,,closed,
coffee,coffee_mit-eval,1:14,,,,,,,,,,,,,,open+grounds,
coffee,coffee_mit-eval,1:16,,,,,,,,dripper+filter+coffee[dry],,,filter+coffee[dry],,,,
coffee,coffee_mit-eval,1:21,,5. check water temperature,,,,,,,,,,,,,
coffee,coffee_mit-eval,1:28,,,,,,,,,with-thermometer,,,,,,
coffee,coffee_mit-eval,1:31,,,,,,,,,empty,,,,,,
coffee,coffee_mit-eval,1:33,,6. bloom coffee,,,,,,,,,,,,,
coffee,coffee_mit-eval,1:55,,7. pour water,,,,,,,,,,,,,
coffee,coffee_mit-eval,2:00,,,,,,,,dripper+filter+coffee[wet],,,filter+coffee[wet],,,,
coffee,coffee_mit-eval,2:09,,8. let drain and empty,,,,,,,,,,,,,
coffee,coffee_mit-eval,2:56,,,,,,,,water[partial],,,empty,,,,
coffee,coffee_2023.06.16-21.17.24,0:00,,1. measure water,empty,,,,,empty,,empty,empty,single,power-off+bowl,open+empty,
coffee,coffee_2023.06.16-21.17.24,0:04,,,,,,,,,,water[partial],,,,,
coffee,coffee_2023.06.16-21.17.24,0:06,,,,,,,,,,water[full],,,,,
coffee,coffee_2023.06.16-21.17.24,0:13,,,,,,,,,,empty,,,,,
coffee,coffee_2023.06.16-21.17.24,0:17,,2. assemble filter,,,,,,dripper,,,on-mug,,,,
coffee,coffee_2023.06.16-21.17.24,0:19,,4. weigh beans,,,,,,,,,,,,,
coffee,coffee_2023.06.16-21.17.24,0:24,,,beans,,,,,,,,,,power-on+bowl+beans,,
coffee,coffee_2023.06.16-21.17.24,0:33,,,,,,,,,,,,,empty,,
coffee,coffee_2023.06.16-21.17.24,0:36,,,empty,,,,,,,,,,,open+beans,
coffee,coffee_2023.06.16-21.17.24,0:38,,,,,,,,,,,,,,closed,
coffee,coffee_2023.06.16-21.17.24,1:00,,,,,,,,,,,,,,open+grounds,
coffee,coffee_2023.06.16-21.17.24,1:01,,3. fold filter paper,,,,,,,,,,,,,
coffee,coffee_2023.06.16-21.17.24,1:03,,,,,,,,,,,,folded[half],,,
coffee,coffee_2023.06.16-21.17.24,1:07,,,,,,,,,,,,folded[quarter],,,
coffee,coffee_2023.06.16-21.17.24,1:14,,,,,,,,dripper+filter,,,filter,in-dripper,,,
coffee,coffee_2023.06.16-21.17.24,1:19,,,,,,,,dripper+filter+coffee[dry],,,filter+coffee[dry],,,,
coffee,coffee_2023.06.16-21.17.24,1:28,,5. check water temperature,,,,,,,,,,,,,
coffee,coffee_2023.06.16-21.17.24,1:32,,,,,,,,,with-thermometer,,,,,,
coffee,coffee_2023.06.16-21.17.24,1:39,,,,,,,,,empty,,,,,,
coffee,coffee_2023.06.16-21.17.24,1:43,,6. bloom coffee,,,,,,,,,,,,,
coffee,coffee_2023.06.16-21.17.24,,,7. pour water,,,,,,,,,,,,,
coffee,coffee_2023.06.16-21.17.24,2:43,,,,,,,,dripper+filter+coffee[wet],,,filter+coffee[wet],,,,
coffee,coffee_2023.06.16-21.17.24,,,,,,,,,,,,,,,,
coffee,coffee_2023.06.16-21.17.24,3:25,,,,,,,,dripper+filter+coffee[drained],,,filter+coffee[drained],,,,
coffee,coffee_2023.06.16-21.17.24,4:48,,,,,,,,water[full],,,,,,,
coffee,coffee_2023.06.16-21.17.24,4:51,,,,,,,,,,,empty,,,,
,,,,,,,,,,,,,,,,,
Jay,,,,,,,,,,,,,,,,,
coffee,coffee_2023.05.02-21.49.08,0:05,,1. measure water,empty,,,,,empty,,empty,empty,single,power-off+bowl,,
coffee,coffee_2023.05.02-21.49.08,0:08,,,,,,,,,,water[partial],,,,,
coffee,coffee_2023.05.02-21.49.08,0:11,,,,,,,,,,water[full],,,,,
coffee,coffee_2023.05.02-21.49.08,0:18,,,,,,,,,,empty,,,,,
coffee,coffee_2023.05.02-21.49.08,0:22,,2. assemble filter,,,,,,dripper,,,on-mug,,,,
coffee,coffee_2023.05.02-21.49.08,0:24,,3. fold filter paper,,,,,,,,,,folded[half],,,
coffee,coffee_2023.05.02-21.49.08,0:29,,,,,,,,dripper+filter,,,,folded[quarter],,,
coffee,coffee_2023.05.02-21.49.08,0:34,,,,,,,,dripper+filter,,,,in-dripper,,,
coffee,coffee_2023.05.02-21.49.08,0:39,,4. weigh beans,,,,,,,,,,,power-on+bowl+beans,,
coffee,coffee_2023.05.02-21.49.08,0:51,,,empty,,,,,,,,,,empty,,
coffee,coffee_2023.05.02-21.49.08,0:58,,,,,,,,,,,,,power-off+bowl,open+beans,
coffee,coffee_2023.05.02-21.49.08,1:07,,,,,,,,,,,,,,closed,
coffee,coffee_2023.05.02-21.49.08,1:27,,,,,,,,,,,,,,open+grounds,
coffee,coffee_2023.05.02-21.49.08,1:29,,,,,,,,dripper+filter+coffee[dry],,,,,,,
coffee,coffee_2023.05.02-21.49.08,1:37,,,,,,,,,,,,,,closed,
coffee,coffee_2023.05.02-21.49.08,1:44,,5. check water temperature,,,,,,,with-thermometer,,,,,,
coffee,coffee_2023.05.02-21.49.08,1:54,,6. bloom coffee,,,,,,dripper+filter+coffee[wet],,,filter+coffee[wet],,,,
coffee,coffee_2023.05.02-21.49.08,2:03,,7. pour water,,,,,,,empty,,,,,,
coffee,coffee_2023.05.02-21.49.08,5:15,,,,,,,,dripper+filter+coffee[drained],,,filter+coffee[drained],,,,
coffee,coffee_2023.05.02-21.49.08,5:22,,,,,,,,water[full],,,empty,,,,
,,,,,,,,,,,,,,,,,
coffee,coffee_2023.05.02-22.15.40,0:08,,1. measure water,empty,,,,,empty,,empty,empty,single,power-off+bowl,,
coffee,coffee_2023.05.02-22.15.40,0:11,,,,,,,,,,water[partial],,,,,
coffee,coffee_2023.05.02-22.15.40,0:14,,,,,,,,,,water[full],,,,,
coffee,coffee_2023.05.02-22.15.40,0:22,,,,,,,,,,empty,,,,,
coffee,coffee_2023.05.02-22.15.40,0:26,,2. assemble filter,,,,,,dripper,,,on-mug,,,,
coffee,coffee_2023.05.02-22.15.40,0:28,,3. fold filter paper,,,,,,,,,,folded[half],,,
coffee,coffee_2023.05.02-22.15.40,0:34,,,,,,,,dripper+filter,,,,folded[quarter],,,
coffee,coffee_2023.05.02-22.15.40,0:42,,,,,,,,dripper+filter,,,,in-dripper,,,
coffee,coffee_2023.05.02-22.15.40,0:49,,4. weigh beans,,,,,,,,,,,power-on+bowl+beans,,
coffee,coffee_2023.05.02-22.15.40,1:05,,,empty,,,,,,,,,,empty,,
coffee,coffee_2023.05.02-22.15.40,1:09,,,,,,,,,,,,,power-off+bowl,open+beans,
coffee,coffee_2023.05.02-22.15.40,1:12,,,,,,,,,,,,,,closed,
coffee,coffee_2023.05.02-22.15.40,1:24,,,,,,,,,,,,,,open+grounds,
coffee,coffee_2023.05.02-22.15.40,1:26,,,,,,,,dripper+filter+coffee[dry],,,,,,,
coffee,coffee_2023.05.02-22.15.40,1:33,,,,,,,,,,,,,,closed,
coffee,coffee_2023.05.02-22.15.40,1:40,,5. check water temperature,,,,,,,with-thermometer,,,,,,
coffee,coffee_2023.05.02-22.15.40,1:52,,6. bloom coffee,,,,,,dripper+filter+coffee[wet],,,filter+coffee[wet],,,,
coffee,coffee_2023.05.02-22.15.40,1:54,,7. pour water,,,,,,,empty,,,,,,
coffee,coffee_2023.05.02-22.15.40,5:38,,,,,,,,dripper+filter+coffee[drained],,,filter+coffee[drained],,,,
coffee,coffee_2023.05.02-22.15.40,5:57,,,,,,,,water[full],,,empty,,,,
,,,,,,,,,,,,,,,,,
coffee,coffee_2023.05.02-22.24.32,0:03,,1. measure water,empty,,,,,empty,,empty,empty,single,power-off+bowl,,
coffee,coffee_2023.05.02-22.24.32,0:06,,,,,,,,,,water[partial],,,,,
coffee,coffee_2023.05.02-22.24.32,0:11,,,,,,,,,,water[full],,,,,
coffee,coffee_2023.05.02-22.24.32,0:17,,,,,,,,,,empty,,,,,
coffee,coffee_2023.05.02-22.24.32,0:20,,2. assemble filter,,,,,,dripper,,,on-mug,,,,
coffee,coffee_2023.05.02-22.24.32,0:22,,3. fold filter paper,,,,,,,,,,folded[half],,,
coffee,coffee_2023.05.02-22.24.32,0:27,,,,,,,,dripper+filter,,,,folded[quarter],,,
coffee,coffee_2023.05.02-22.24.32,0:35,,,,,,,,dripper+filter,,,,in-dripper,,,
coffee,coffee_2023.05.02-22.24.32,0:39,,4. weigh beans,,,,,,,,,,,power-on+bowl+beans,,
coffee,coffee_2023.05.02-22.24.32,0:59,,,empty,,,,,,,,,,empty,,
coffee,coffee_2023.05.02-22.24.32,1:01,,,,,,,,,,,,,power-off+bowl,open+beans,
coffee,coffee_2023.05.02-22.24.32,1:07,,,,,,,,,,,,,,closed,
coffee,coffee_2023.05.02-22.24.32,1:35,,,,,,,,,,,,,,open+grounds,
coffee,coffee_2023.05.02-22.24.32,1:38,,,,,,,,dripper+filter+coffee[dry],,,,,,,
coffee,coffee_2023.05.02-22.24.32,1:47,,,,,,,,,,,,,,closed,
coffee,coffee_2023.05.02-22.24.32,1:58,,5. check water temperature,,,,,,,with-thermometer,,,,,,
coffee,coffee_2023.05.02-22.24.32,2:05,,6. bloom coffee,,,,,,dripper+filter+coffee[wet],,,filter+coffee[wet],,,,
coffee,coffee_2023.05.02-22.24.32,2:08,,7. pour water,,,,,,,empty,,,,,,
coffee,coffee_2023.05.02-22.24.32,4:22,,,,,,,,dripper+filter+coffee[drained],,,filter+coffee[drained],,,,
coffee,coffee_2023.05.02-22.24.32,6:05,,,,,,,,water[full],,,empty,,,,
,,,,,,,,,,,,,,,,,
coffee,coffee_2023.05.02-22.33.01,0:06,,1. measure water,empty,,,,,empty,,empty,empty,single,power-off+bowl,,
coffee,coffee_2023.05.02-22.33.01,0:09,,,,,,,,,,water[partial],,,,,
coffee,coffee_2023.05.02-22.33.01,0:11,,,,,,,,,,water[full],,,,,
coffee,coffee_2023.05.02-22.33.01,0:18,,,,,,,,,,empty,,,,,
coffee,coffee_2023.05.02-22.33.01,0:20,,2. assemble filter,,,,,,dripper,,,on-mug,,,,
coffee,coffee_2023.05.02-22.33.01,0:22,,3. fold filter paper,,,,,,,,,,folded[half],,,
coffee,coffee_2023.05.02-22.33.01,0:27,,,,,,,,dripper+filter,,,,folded[quarter],,,
coffee,coffee_2023.05.02-22.33.01,0:32,,,,,,,,dripper+filter,,,,in-dripper,,,
coffee,coffee_2023.05.02-22.33.01,0:36,,4. weigh beans,,,,,,,,,,,power-on+bowl+beans,,
coffee,coffee_2023.05.02-22.33.01,1:03,,,empty,,,,,,,,,,empty,,
coffee,coffee_2023.05.02-22.33.01,1:06,,,,,,,,,,,,,power-off+bowl,open+beans,
coffee,coffee_2023.05.02-22.33.01,1:09,,,,,,,,,,,,,,closed,
coffee,coffee_2023.05.02-22.33.01,1:24,,,,,,,,,,,,,,open+grounds,
coffee,coffee_2023.05.02-22.33.01,1:28,,,,,,,,dripper+filter+coffee[dry],,,,,,,
coffee,coffee_2023.05.02-22.33.01,1:36,,,,,,,,,,,,,,closed,
coffee,coffee_2023.05.02-22.33.01,1:42,,5. check water temperature,,,,,,,with-thermometer,,,,,,
coffee,coffee_2023.05.02-22.33.01,1:50,,6. bloom coffee,,,,,,dripper+filter+coffee[wet],,,filter+coffee[wet],,,,
coffee,coffee_2023.05.02-22.33.01,1:54,,7. pour water,,,,,,,empty,,,,,,
coffee,coffee_2023.05.02-22.33.01,4:06,,,,,,,,dripper+filter+coffee[drained],,,filter+coffee[drained],,,,
coffee,coffee_2023.05.02-22.33.01,4:43,,,,,,,,water[full],,,empty,,,,
,,,,,,,,,,,,,,,,,
coffee,coffee_2023.06.16-21.11.12,0:02,,1. measure water,empty,,,,,empty,,empty,empty,single,power-off+bowl,,
coffee,coffee_2023.06.16-21.11.12,0:05,,,,,,,,,,water[partial],,,,,
coffee,coffee_2023.06.16-21.11.12,0:07,,,,,,,,,,water[full],,,,,
coffee,coffee_2023.06.16-21.11.12,0:13,,,,,,,,,,empty,,,,,
coffee,coffee_2023.06.16-21.11.12,0:18,,2. assemble filter,,,,,,dripper,,,on-mug,,,,
coffee,coffee_2023.06.16-21.11.12,0:21,,3. fold filter paper,,,,,,,,,,folded[half],,,
coffee,coffee_2023.06.16-21.11.12,0:25,,,,,,,,dripper+filter,,,,folded[quarter],,,
coffee,coffee_2023.06.16-21.11.12,0:28,,,,,,,,dripper+filter,,,,in-dripper,,,
coffee,coffee_2023.06.16-21.11.12,0:34,,4. weigh beans,,,,,,,,,,,power-on+bowl+beans,,
coffee,coffee_2023.06.16-21.11.12,0:51,,,empty,,,,,,,,,,empty,,
coffee,coffee_2023.06.16-21.11.12,0:53,,,,,,,,,,,,,power-off+bowl,open+beans,
coffee,coffee_2023.06.16-21.11.12,0:57,,,,,,,,,,,,,,closed,
coffee,coffee_2023.06.16-21.11.12,1:02,,,,,,,,,,,,,,open+grounds,
coffee,coffee_2023.06.16-21.11.12,1:06,,,,,,,,dripper+filter+coffee[dry],,,,,,,
coffee,coffee_2023.06.16-21.11.12,1:36,,6. bloom coffee,,,,,,dripper+filter+coffee[wet],,,filter+coffee[wet],,,,
coffee,coffee_2023.06.16-21.11.12,1:40,,7. pour water,,,,,,,empty,,,,,,
coffee,coffee_2023.06.16-21.11.12,3:03,,,,,,,,dripper+filter+coffee[drained],,,filter+coffee[drained],,,,
coffee,coffee_2023.06.16-21.11.12,3:27,,,,,,,,water[full],,,empty,,,,
,,,,,,,,,,,,,,,,,
,coffee_2023.03.09-18.28.38,,,,,,,,,,,,,,,,
,coffee_2023.03.09-19.33.32,,,,,,,,,,,,,,,,
,coffee_2023.03.09-19.41.14,,,,,,,,,,,,,,,,
,coffee_2023.03.09-19.43.07,,,,,,,,,,,,,,,,
,coffee_2023.03.16-18.39.00,,,,,,,,,,,,,,,,
,coffee_2023.03.16-19.26.36,,,,,,,,,,,,,,,,
,coffee_2023.03.16-19.42.26,,,,,,,,,,,,,,,,
,coffee_2023.03.17-19.00.30,,,,,,,,,,,,,,,,
,coffee_2023.03.17-19.15.17,,,,,,,,,,,,,,,,
,coffee_2023.03.17-19.28.32,,,,,,,,,,,,,,,,
,coffee_2023.03.23-16.02.21,,,,,,,,,,,,,,,,
,coffee_2023.03.23-16.26.58,,,,,,,,,,,,,,,,
,coffee_2023.03.27-16.21.48,,,,,,,,,,,,,,,,
,coffee_2023.03.27-17.16.24,,,,,,,,,,,,,,,,
,coffee_2023.03.27-17.33.45,,,,,,,,,,,,,,,,
,coffee_2023.04.13-16.20.15,,,,,,,,,,,,,,,,
,coffee_2023.04.13-16.32.38,,,,,,,,,,,,,,,,
,coffee_2023.04.13-16.43.36,,,,,,,,,,,,,,,,
,coffee_2023.04.13-16.57.31,,,,,,,,,,,,,,,,
,coffee_2023.04.13-17.07.22,,,,,,,,,,,,,,,,
,coffee_2023.04.17-17.52.15,,,,,,,,,,,,,,,,
,coffee_2023.04.17-18.03.04,,,,,,,,,,,,,,,,
,coffee_2023.04.17-18.19.18,,,,,,,,,,,,,,,,
,coffee_2023.04.17-18.40.08,,,,,,,,,,,,,,,,
,coffee_2023.04.19-20.34.47,,,,,,,,,,,,,,,,
,coffee_2023.04.19-20.54.16,,,,,,,,,,,,,,,,
,coffee_2023.04.25-16.26.59,,,,,,,,,,,,,,,,
,coffee_2023.04.25-16.38.09,,,,,,,,,,,,,,,,
,coffee_2023.04.25-16.47.32,,,,,,,,,,,,,,,,
,coffee_2023.04.25-16.59.45,,,,,,,,,,,,,,,,
,coffee_2023.04.25-17.14.59,,,,,,,,,,,,,,,,
,coffee_2023.04.26-17.56.41,,,,,,,,,,,,,,,,
,coffee_2023.04.26-18.26.19,,,,,,,,,,,,,,,,
,coffee_2023.05.01-16.40.35,,,,,,,,,,,,,,,,
,coffee_2023.05.01-17.00.57,,,,,,,,,,,,,,,,
,coffee_2023.05.01-17.53.34,,,,,,,,,,,,,,,,
,coffee_2023.05.01-18.07.33,,,,,,,,,,,,,,,,
,coffee_2023.05.01-18.21.44,,,,,,,,,,,,,,,,
,coffee_2023.05.01-18.38.12,,,,,,,,,,,,,,,,
,coffee_2023.05.01-21.11.07,,,,,,,,,,,,,,,,
,coffee_2023.05.01-21.28.58,,,,,,,,,,,,,,,,
,coffee_2023.05.01-21.44.22,,,,,,,,,,,,,,,,
,coffee_2023.05.01-22.02.20,,,,,,,,,,,,,,,,
,coffee_2023.05.02-15.35.22,,,,,,,,,,,,,,,,
,coffee_2023.05.02-15.51.55,,,,,,,,,,,,,,,,
,coffee_2023.05.02-16.03.51,,,,,,,,,,,,,,,,
,coffee_2023.05.02-16.12.55,,,,,,,,,,,,,,,,
,coffee_2023.05.02-16.27.58,,,,,,,,,,,,,,,,
,coffee_2023.05.02-16.40.19,,,,,,,,,,,,,,,,
,coffee_2023.05.02-16.54.22,,,,,,,,,,,,,,,,
,coffee_2023.05.02-17.14.23,,,,,,,,,,,,,,,,
,coffee_2023.05.02-18.45.43,,,,,,,,,,,,,,,,
,coffee_2023.05.02-18.55.38,,,,,,,,,,,,,,,,
,coffee_2023.05.02-19.11.41,,,,,,,,,,,,,,,,
,coffee_2023.05.02-19.16.04,,,,,,,,,,,,,,,,
,coffee_2023.05.02-19.28.41,,,,,,,,,,,,,,,,
,coffee_2023.05.02-19.40.08,,,,,,,,,,,,,,,,
,coffee_2023.05.02-19.50.01,,,,,,,,,,,,,,,,
,coffee_2023.05.02-20.50.46,,,,,,,,,,,,,,,,
,coffee_2023.05.02-21.00.14,,,,,,,,,,,,,,,,
,coffee_2023.05.02-21.11.40,,,,,,,,,,,,,,,,
,coffee_2023.05.02-21.20.52,,,,,,,,,,,,,,,,
,coffee_2023.05.02-21.28.47,,,,,,,,,,,,,,,,
,coffee_2023.05.02-21.37.34,,,,,,,,,,,,,,,,
,,,,,,,,,,,,,,,,,
,pinwheels_2023.03.06-17.19.20,,,,,,,,,,,,,,,,
,pinwheels_2023.03.06-17.32.26,,,,,,,,,,,,,,,,
,pinwheels_2023.03.08-16.17.33,,,,,,,,,,,,,,,,
,pinwheels_2023.03.08-16.46.54,,,,,,,,,,,,,,,,
,pinwheels_2023.03.08-17.40.00,,,,,,,,,,,,,,,,
,pinwheels_2023.03.09-20.01.58,,,,,,,,,,,,,,,,
,pinwheels_2023.03.09-20.10.04,,,,,,,,,,,,,,,,
,pinwheels_2023.03.15-19.39.53,,,,,,,,,,,,,,,,
,pinwheels_2023.03.15-19.49.13,,,,,,,,,,,,,,,,
,pinwheels_2023.03.15-19.56.22,,,,,,,,,,,,,,,,
,pinwheels_2023.03.20-17.03.31,,,,,,,,,,,,,,,,
,pinwheels_2023.03.20-17.14.28,,,,,,,,,,,,,,,,
,pinwheels_2023.03.20-17.19.50,,,,,,,,,,,,,,,,
,pinwheels_2023.03.20-17.31.57,,,,,,,,,,,,,,,,
,pinwheels_2023.03.20-17.38.32,,,,,,,,,,,,,,,,
,pinwheels_2023.03.20-17.43.23,,,,,,,,,,,,,,,,
,pinwheels_2023.03.20-18.59.36,,,,,,,,,,,,,,,,
,pinwheels_2023.03.20-19.05.44,,,,,,,,,,,,,,,,
,pinwheels_2023.03.20-19.10.48,,,,,,,,,,,,,,,,
,pinwheels_2023.03.25-15.40.47,,,,,,,,,,,,,,,,
,pinwheels_2023.03.25-15.47.36,,,,,,,,,,,,,,,,
,pinwheels_2023.03.27-21.06.19,,,,,,,,,,,,,,,,
,pinwheels_2023.03.27-21.11.42,,,,,,,,,,,,,,,,
,pinwheels_2023.03.28-16.36.48,,,,,,,,,,,,,,,,
,pinwheels_2023.03.28-18.18.36,,,,,,,,,,,,,,,,
,pinwheels_2023.03.29-16.04.58,,,,,,,,,,,,,,,,
,pinwheels_2023.03.29-16.12.58,,,,,,,,,,,,,,,,
,pinwheels_2023.03.29-16.18.36,,,,,,,,,,,,,,,,
,pinwheels_2023.03.29-17.39.21,,,,,,,,,,,,,,,,
,pinwheels_2023.03.29-17.55.27,,,,,,,,,,,,,,,,
,pinwheels_2023.03.29-18.00.47,,,,,,,,,,,,,,,,
,pinwheels_2023.03.29-18.05.32,,,,,,,,,,,,,,,,
,pinwheels_2023.03.30-16.56.06,,,,,,,,,,,,,,,,
,pinwheels_2023.03.30-17.00.55,,,,,,,,,,,,,,,,
,pinwheels_2023.03.30-17.05.53,,,,,,,,,,,,,,,,
,pinwheels_2023.03.30-17.11.34,,,,,,,,,,,,,,,,
,pinwheels_2023.04.03-17.30.08,,,,,,,,,,,,,,,,
,pinwheels_2023.04.03-17.37.02,,,,,,,,,,,,,,,,
,pinwheels_2023.04.03-17.45.07,,,,,,,,,,,,,,,,
,pinwheels_2023.04.03-17.50.41,,,,,,,,,,,,,,,,
,pinwheels_2023.04.03-17.56.55,,,,,,,,,,,,,,,,
,pinwheels_2023.04.03-19.33.13,,,,,,,,,,,,,,,,
,pinwheels_2023.04.03-19.42.41,,,,,,,,,,,,,,,,
,pinwheels_2023.04.04-18.28.55,,,,,,,,,,,,,,,,
,pinwheels_2023.04.04-19.31.33,,,,,,,,,,,,,,,,
,pinwheels_2023.04.04-19.36.31,,,,,,,,,,,,,,,,
,pinwheels_2023.04.04-19.40.40,,,,,,,,,,,,,,,,
,pinwheels_2023.04.04-19.44.57,,,,,,,,,,,,,,,,
,pinwheels_pinwheels_9.14,,,,,,,,,,,,,,,,
,,,,,,,,,,,,,,,,,
tea,tea_2023.06.16-18.20.42,0:00,,1. measure water,,,,,,empty,empty,empty,,,,,
tea,tea_2023.06.16-18.20.42,0:11,,,,,,,,,,water,,,,,
tea,tea_2023.06.16-18.20.42,0:25,,,,,,,,,water,,,,,,
tea,tea_2023.06.16-18.20.42,0:29,,,,,,,,,,empty,,,,,
tea,tea_2023.06.16-18.20.42,0:34,,2. add tea bag,,,,,,,,,,,,,
tea,tea_2023.06.16-18.20.42,0:52,,,,,,,,tea-bag,,,,,,,
tea,tea_2023.06.16-18.20.42,0:57,,3. measure temperature,,,,,,,,,,,,,
tea,tea_2023.06.16-18.20.42,1:10,,,,,,,,,with-thermometer,,,,,,
tea,tea_2023.06.16-18.20.42,2:46,,,,,,,,,water,,,,,,
tea,tea_2023.06.16-18.20.42,2:52,,4. pour water,,,,,,,,,,,,,
tea,tea_2023.06.16-18.20.42,2:54,,,,,,,,tea-bag+water[partial],,,,,,,
tea,tea_2023.06.16-18.20.42,3:05,,,,,,,,tea-bag+water[full],empty,,,,,,
tea,tea_2023.06.16-18.20.42,3:09,,5. steep,,,,,,,,,,,,,
tea,tea_2023.06.16-18.20.42,4:37,,7. add honey and stir,,,,,,,,,,,,,
tea,tea_2023.06.16-18.20.42,4:42,,,,,,,,tea-bag+water+honey,,,,,,,
tea,tea_2023.06.16-18.20.42,4:53,,6. discard tea bag,,,,,,,,,,,,,
tea,tea_2023.06.16-18.20.42,4:56,,,,,,,,water+honey,,,,,,,
tea,tea_2023.06.16-18.20.42,5:02,,7. add honey and stir,,,,,,water+honey[stirred],,,,,,,
,,,,,,,,,,,,,,,,,
tea,tea_2023.06.16-18.32.06,0:00,Incomplete and bad video,,,,,,,empty,empty,empty,,,,,
tea,tea_2023.06.16-18.32.06,0:07,,,,,,,,,,water,,,,,
tea,tea_2023.06.16-18.32.06,0:25,,,,,,,,,water,,,,,,
tea,tea_2023.06.16-18.32.06,0:54,,,,,,,,tea-bag,,,,,,,
tea,tea_2023.06.16-18.32.06,,,,,,,,,,,,,,,,
tea,tea_2023.06.16-18.32.06,,,,,,,,,,,,,,,,
tea,tea_2023.06.16-18.32.06,,,,,,,,,,,,,,,,
tea,tea_2023.06.16-18.32.06,,,,,,,,,,,,,,,,
tea,tea_2023.06.16-18.32.06,,,,,,,,,,,,,,,,
tea,tea_2023.06.16-18.32.06,,,,,,,,,,,,,,,,
tea,tea_2023.06.16-18.32.06,,,,,,,,,,,,,,,,
tea,tea_2023.06.16-18.32.06,,,,,,,,,,,,,,,,
,,,,,,,,,,,,,,,,,
tea,tea_2023.06.16-18.35.08,0:00,,1. measure water,,,,,,empty,empty,empty,,,,,
tea,tea_2023.06.16-18.35.08,0:07,,,,,,,,,,water,,,,,
tea,tea_2023.06.16-18.35.08,0:20,,,,,,,,,water,,,,,,
tea,tea_2023.06.16-18.35.08,0:29,,,,,,,,,,empty,,,,,
tea,tea_2023.06.16-18.35.08,0:37,,2. add tea bag,,,,,,,,,,,,,
tea,tea_2023.06.16-18.35.08,1:02,,,,,,,,tea-bag,,,,,,,
tea,tea_2023.06.16-18.35.08,1:10,,3. measure temperature,,,,,,,,,,,,,
tea,tea_2023.06.16-18.35.08,1:16,,,,,,,,,with-thermometer,,,,,,
tea,tea_2023.06.16-18.35.08,3:16,,,,,,,,,water,,,,,,
tea,tea_2023.06.16-18.35.08,3:19,,4. pour water,,,,,,,,,,,,,
tea,tea_2023.06.16-18.35.08,3:22,,,,,,,,tea-bag+water[partial],,,,,,,
tea,tea_2023.06.16-18.35.08,3:33,,,,,,,,tea-bag+water[full],empty,,,,,,
tea,tea_2023.06.16-18.35.08,3:36,,5. steep,,,,,,,,,,,,,
tea,tea_2023.06.16-18.35.08,3:56,,6. add honey and stir,,,,,,,,,,,,,
tea,tea_2023.06.16-18.35.08,4:03,,,,,,,,tea-bag+water+honey,,,,,,,
,,,,,,,,,,,,,,,,,
tea,tea_2023.06.16-18.43.48,0:00,,1. measure water,,,,,,empty,empty,empty,,,,,
tea,tea_2023.06.16-18.43.48,0:03,,,,,,,,,,water,,,,,
tea,tea_2023.06.16-18.43.48,0:14,,,,,,,,,water,,,,,,
tea,tea_2023.06.16-18.43.48,0:27,,2. Add tea bag,,,,,,tea-bag,,,,,,,
tea,tea_2023.06.16-18.43.48,1:45,,3. Measure temperature,,,,,,,with-thermometer,,,,,,
tea,tea_2023.06.16-18.43.48,2:04,,,,,,,,,water,,,,,,
tea,tea_2023.06.16-18.43.48,2:07,,4. Pour water,,,,,,tea-bag+water[partial],,,,,,,
tea,tea_2023.06.16-18.43.48,2:29,,,,,,,,tea-bag+water[full],empty,,,,,,
tea,tea_2023.06.16-18.43.48,2:31,,5. Steep,,,,,,,,,,,,,
tea,tea_2023.06.16-18.43.48,5:35,,6. discard tea bag,,,,,,water,,,,,,,
tea,tea_2023.06.16-18.43.48,5:40,,7. Add honey and stir,,,,,,water+honey,,,,,,,
,,,,,,,,,,,,,,,,,
tea,tea_2023.06.30-19.29.16,0:00,,,,,,,,empty,empty,empty,,,,,
tea,tea_2023.06.30-19.29.16,0:09,,1. measure water,,,,,,,,water,,,,,
tea,tea_2023.06.30-19.29.16,0:33,,,,,,,,,water,,,,,,
tea,tea_2023.06.30-19.29.16,1:11,,2. Add tea bag,,,,,,tea-bag,,empty,,,,,
tea,tea_2023.06.30-19.29.16,1:34,,3. Measure temperature,,,,,,,with-thermometer,,,,,,
tea,tea_2023.06.30-19.29.16,1:50,,,,,,,,,water,,,,,,
tea,tea_2023.06.30-19.29.16,2:37,,4. Pour water,,,,,,tea-bag+water[partial],,,,,,,
tea,tea_2023.06.30-19.29.16,2:57,,,,,,,,tea-bag+water[full],empty,,,,,,
tea,tea_2023.06.30-19.29.16,3:18,,5. Steep,,,,,,,,,,,,,
tea,tea_2023.06.30-19.29.16,4:23,,6. discard tea bag,,,,,,water,,,,,,,
tea,tea_2023.06.30-19.29.16,4:33,,7. Add honey and stir,,,,,,water+honey,,,,,,,
,,,,,,,,,,,,,,,,,
tea,tea_2023.06.30-19.39.38,0:00,,,,,,,,empty,empty,empty,,,,,
tea,tea_2023.06.30-19.39.38,0:10,,1. measure water,,,,,,,,water,,,,,
tea,tea_2023.06.30-19.39.38,0:32,,,,,,,,,water,,,,,,
tea,tea_2023.06.30-19.39.38,1:12,,2. Add tea bag,,,,,,tea-bag,,empty,,,,,
tea,tea_2023.06.30-19.39.38,1:33,,3. Measure temperature,,,,,,,with-thermometer,,,,,,
tea,tea_2023.06.30-19.39.38,1:53,,,,,,,,,water,,,,,,
tea,tea_2023.06.30-19.39.38,2:35,,4. Pour water,,,,,,tea-bag+water[partial],,,,,,,
tea,tea_2023.06.30-19.39.38,2:58,,,,,,,,tea-bag+water[full],empty,,,,,,
tea,tea_2023.06.30-19.39.38,3:18,,5. Steep,,,,,,tea-bag+water[full],,,,,,,
tea,tea_2023.06.30-19.39.38,4:22,,,,,,,,water,,,,,,,
tea,tea_2023.06.30-19.39.38,4:33,,6. Add honey and stir,,,,,,water+honey,,,,,,,
,,,,,,,,,,,,,,,,,
tea,tea_2023.06.30-19.48.51,0:00,,,,,,,,empty,empty,empty,,,,,
tea,tea_2023.06.30-19.48.51,0:05,,1. measure water,,,,,,,,water,,,,,
tea,tea_2023.06.30-19.48.51,0:22,,,,,,,,,water,,,,,,
tea,tea_2023.06.30-19.48.51,0:56,,2. Add tea bag,,,,,,tea-bag,,empty,,,,,
tea,tea_2023.06.30-19.48.51,2:04,,3. Measure temperature,,,,,,,with-thermometer,,,,,,
tea,tea_2023.06.30-19.48.51,2:11,,,,,,,,,water,,,,,,
tea,tea_2023.06.30-19.48.51,2:27,,4. Pour water,,,,,,tea-bag+water[partial],,,,,,,
tea,tea_2023.06.30-19.48.51,2:43,,,,,,,,tea-bag+water[full],empty,,,,,,
tea,tea_2023.06.30-19.48.51,2:50,,5. Steep,,,,,,tea-bag+water[full],,,,,,,
tea,tea_2023.06.30-19.48.51,,,,,,,,,tea-bag+water[full],,,,,,,
tea,tea_2023.06.30-19.48.51,6:04,,6. Add honey and stir,,,,,,tea-bag+water[full]+honey,,,,,,,
,,,,,,,,,,,,,,,,,
,,,,,,,,,,,,,,,,,
,,,,,,,,,,,,,,,,,
pinwheels+oatmeal,2023.10.25-19.16.31,0:19,,place tortilla - 2,,,,,,,,,,,,,
,2023.10.25-19.16.31,0:40,,place tortilla - 3,,,,,,,,,,,,,
,2023.10.25-19.16.31,0:49,,place tortilla - 3,,,,,,,,,,,,,
,2023.10.25-19.16.31,0:53,,spread PB - 3,,,,,,,,,,,,,
,2023.10.25-19.16.31,1:27,,clean knife - 3,,,,,,,,,,,,,
,2023.10.25-19.16.31,1:35,,spread J - 3,,,,,,,,,,,,,
,2023.10.25-19.16.31,2:05,,clean knife - 3,,,,,,,,,,,,,
,2023.10.25-19.16.31,2:10,,roll - 3,,,,,,,,,,,,,
,2023.10.25-19.16.31,2:36,,roll - 4,,,,,,,,,,,,,
,2023.10.25-19.16.31,2:58,,roll - 5,,,,,,,,,,,,,
,2023.10.25-19.16.31,3:07,,insert toothpicks - 5,,,,,,,,,,,,,
,2023.10.25-19.16.31,3:25,,cut ends - 5,,,,,,,,,,,,,
,2023.10.25-19.16.31,3:36,,slide floss - 5,,,,,,,,,,,,,
,2023.10.25-19.16.31,3:44,,slice first - 5,,,,,,,,,,,,,
,2023.10.25-19.16.31,3:48,,slice 2-5 - 5 ,,,,,,,,,,,,,
,2023.10.25-19.16.31,4:33,,slice 2-5 - 6,,,,,,,,,,,,,
,2023.10.25-19.16.31,5:04,,slice 2-5 - 7,,,,,,,,,,,,,
,2023.10.25-19.16.31,5:29,,put on plate - 7,,,,,,,,,,,,,
,,,,,,,,,,,,,,,,,
,bowl_kitchen_lightsoff,0:00,,,empty,,,,,,,,,,,,
,bowl_kitchen_lightson,0:00,,,empty,,,,,,,,,,,,
,bowl_nursing_lightsoff,0:00,,,empty,,,,,,,,,,,,
,bowl_nursing_lightson,0:00,,,empty,,,,,,,,,,,,
,bowl_oatmeal_banana_kitchenlightsoff,0:00,,,oatmeal+raisins[cooked]+banana,,,,,,,,,,,,
,bowl_oatmeal_banana_kitchenlightson,0:00,,,oatmeal+raisins[cooked]+banana,,,,,,,,,,,,
,bowl_oatmeal_banana_officelightsoff,0:00,,,oatmeal+raisins[cooked]+banana,,,,,,,,,,,,
,bowl_oatmeal_banana_officeon,0:00,,,oatmeal+raisins[cooked]+banana,,,,,,,,,,,,
,bowl_oatmeal_banana_printer,0:00,,,oatmeal+raisins[cooked]+banana,,,,,,,,,,,,
,bowl_oatmeal_cinnamon_kitchenlightsoff,0:00,,,oatmeal+raisins[cooked]+banana+cinnamon,,,,,,,,,,,,
,bowl_oatmeal_cinnamon_kitchenlightson,0:00,,,oatmeal+raisins[cooked]+banana+cinnamon,,,,,,,,,,,,
,bowl_oatmeal_cinnamon_officelightsoff,0:00,,,oatmeal+raisins[cooked]+banana+cinnamon,,,,,,,,,,,,
,bowl_oatmeal_cinnamon_officelightson,0:00,,,oatmeal+raisins[cooked]+banana+cinnamon,,,,,,,,,,,,
,bowl_oatmeal_cinnamon_printer,0:00,,,oatmeal+raisins[cooked]+banana+cinnamon,,,,,,,,,,,,
,bowl_oatmeal_dry_kitchen_lightsoff,0:00,,,oatmeal[dry],,,,,,,,,,,,
,bowl_oatmeal_dry_kitchen_lightson,0:00,,,oatmeal[dry],,,,,,,,,,,,
,bowl_oatmeal_dry_kitchen_lightson2,0:00,,,oatmeal[dry],,,,,,,,,,,,
,bowl_oatmeal_dry_nursing_lightsoff,0:00,,,oatmeal[dry],,,,,,,,,,,,
,bowl_oatmeal_dry_nursing_lightson,0:00,,,oatmeal[dry],,,,,,,,,,,,
,bowl_oatmeal_dry_nursingroom_lightson2,0:00,,,oatmeal[dry],,,,,,,,,,,,
,bowl_oatmeal_dry_office2_lightsoff,0:00,,,oatmeal[dry],,,,,,,,,,,,
,bowl_oatmeal_dry_office2_lightson,0:00,,,oatmeal[dry],,,,,,,,,,,,
,bowl_oatmeal_dry_office2_lightson2,0:00,,,oatmeal[dry],,,,,,,,,,,,
,bowl_oatmeal_dry_office_lightsoff,0:00,,,oatmeal[dry],,,,,,,,,,,,
,bowl_oatmeal_dry_office_lightson,0:00,,,oatmeal[dry],,,,,,,,,,,,
,bowl_oatmeal_dry_orange_booth_lightsoff,0:00,,,oatmeal[dry],,,,,,,,,,,,
,bowl_oatmeal_dry_orange_booth_lightson,0:00,,,oatmeal[dry],,,,,,,,,,,,
,bowl_oatmeal_dry_printer,0:00,,,oatmeal[dry],,,,,,,,,,,,
,bowl_oatmeal_dry_printerroom_lightsoff,0:00,,,oatmeal[dry],,,,,,,,,,,,
,bowl_oatmeal_dry_staircase,0:00,,,oatmeal[dry],,,,,,,,,,,,
,bowl_oatmeal_dry_window,0:00,,,oatmeal[dry],,,,,,,,,,,,
,bowl_oatmeal_honey_kitchenlightsoff,0:00,,,oatmeal+raisins[cooked]+banana+cinnamon+honey,,,,,,,,,,,,
,bowl_oatmeal_honey_kitchenlightson,0:00,,,oatmeal+raisins[cooked]+banana+cinnamon+honey,,,,,,,,,,,,
,bowl_oatmeal_honey_officelightsoff,0:00,,,oatmeal+raisins[cooked]+banana+cinnamon+honey,,,,,,,,,,,,
,bowl_oatmeal_honey_officelightson,0:00,,,oatmeal+raisins[cooked]+banana+cinnamon+honey,,,,,,,,,,,,
,bowl_oatmeal_honey_printer,0:00,,,oatmeal+raisins[cooked]+banana+cinnamon+honey,,,,,,,,,,,,
,bowl_oatmeal_raisin_kitchenlightsoff,0:00,,,oatmeal+raisins[cooked],,,,,,,,,,,,
,bowl_oatmeal_raisin_kitchenlightson,0:00,,,oatmeal+raisins[cooked],,,,,,,,,,,,
,bowl_oatmeal_raisin_officelightsoff,0:00,,,oatmeal+raisins[cooked],,,,,,,,,,,,
,bowl_oatmeal_raisin_officelightson,0:00,,,oatmeal+raisins[cooked],,,,,,,,,,,,
,bowl_oatmeal_raisin_printer,0:00,,,oatmeal+raisins[cooked],,,,,,,,,,,,
,bowl_oatmeal_water_kitchenslightsoff,0:00,,,oatmeal+water,,,,,,,,,,,,
,bowl_oatmeal_water_kitchenslightson,0:00,,,oatmeal+water,,,,,,,,,,,,
,bowl_oatmeal_water_officelightsoff,0:00,,,oatmeal+water,,,,,,,,,,,,
,bowl_oatmeal_water_officelightson,0:00,,,oatmeal+water,,,,,,,,,,,,
,bowl_oatmeal_water_printer,0:00,,,oatmeal+water,,,,,,,,,,,,
,bowl_office_lightsoff,0:00,,,empty,,,,,,,,,,,,
,bowl_office_lightson,0:00,,,empty,,,,,,,,,,,,
,bowl_orange_booth_lightsoff,0:00,,,empty,,,,,,,,,,,,
,bowl_orange_booth_lightson,0:00,,,empty,,,,,,,,,,,,
,bowl_printer,0:00,,,empty,,,,,,,,,,,,
,bowl_staircase,0:00,,,empty,,,,,,,,,,,,
,bowl_window,0:00,,,empty,,,,,,,,,,,,
,coffee_grounds_drained_kitchen_lightson,0:00,,,,,,,,dripper+filter+coffee[drained],,,,,,,
,coffee_grounds_drained_office_lightsoff,0:00,,,,,,,,dripper+filter+coffee[drained],,,,,,,
,coffee_grounds_drained_office_lightson,0:00,,,,,,,,dripper+filter+coffee[drained],,,,,,,
,coffee_grounds_drained_window,0:00,,,,,,,,dripper+filter+coffee[drained],,,,,,,
,coffee_grounds_dry_to_wet_kitchen_lightson,0:00,,,,,,,,,,,,,,,
,coffee_grounds_dry_to_wet_pour,0:00,,,,,,,,,,,,,,,
,coffee_grounds_dry_to_wet_pour_office_lightsoff,0:00,,,,,,,,,,,,,,,
,coffee_grounds_wet_kitchen_lightson,0:00,,,,,,,,dripper+filter+coffee[wet],,,,,,,
,coffee_grounds_wet_office_lightsoff,0:00,,,,,,,,dripper+filter+coffee[wet],,,,,,,
,coffee_grounds_wet_office_lightson,0:00,,,,,,,,dripper+filter+coffee[wet],,,,,,,
,coffee_grounds_wet_pour_window,0:00,,,,,,,,dripper+filter+coffee[wet],,,,,,,
,coffee_stack_grounds_wet_window,0:00,,,,,,,,dripper+filter+coffee[wet],,,,,,,
,folded_kitchen_lightsoff,0:00,,,,,folded,,,,,,,,,,
,folded_kitchen_lightson,0:00,,,,,folded,,,,,,,,,,
,folded_nursing_lightsoff,0:00,,,,,folded,,,,,,,,,,
,folded_nursing_lightson,0:00,,,,,folded,,,,,,,,,,
,folded_office_lightsoff,0:00,,,,,folded,,,,,,,,,,
,folded_office_lightson,0:00,,,,,folded,,,,,,,,,,
,folded_orange_booth_lightsoff,0:00,,,,,folded,,,,,,,,,,
,folded_orange_booth_lightson,0:00,,,,,folded,,,,,,,,,,
,folded_printer,0:00,,,,,folded,,,,,,,,,,
,folded_staircase,0:00,,,,,folded,,,,,,,,,,
,folded_window,0:00,,,,,folded,,,,,,,,,,
,mug_coffee_kitchen_lightsoff,0:00,,,,,,,,dripper+filter+coffee[dry],,,,,,,
,mug_coffee_kithchen_lightson,0:00,,,,,,,,dripper+filter+coffee[dry],,,,,,,
,mug_coffee_nursing_lightsoff,0:00,,,,,,,,dripper+filter+coffee[dry],,,,,,,
,mug_coffee_nursing_lightson,0:00,,,,,,,,dripper+filter+coffee[dry],,,,,,,
,mug_coffee_office_lightsoff,0:00,,,,,,,,dripper+filter+coffee[dry],,,,,,,
,mug_coffee_office_lightson,0:00,,,,,,,,dripper+filter+coffee[dry],,,,,,,
,mug_coffee_orange_booth_lightsoff,0:00,,,,,,,,dripper+filter+coffee[dry],,,,,,,
,mug_coffee_orange_booth_lightson,0:00,,,,,,,,dripper+filter+coffee[dry],,,,,,,
,mug_coffee_printer,0:00,,,,,,,,dripper+filter+coffee[dry],,,,,,,
,mug_coffee_staircase,0:00,,,,,,,,dripper+filter+coffee[dry],,,,,,,
,mug_coffee_window,0:00,,,,,,,,dripper+filter+coffee[dry],,,,,,,
,mug_filter_kitchen_lightsoff,0:00,,,,,,,,dripper+filter,,,,,,,
,mug_filter_kitchen_lightson,0:00,,,,,,,,dripper+filter,,,,,,,
,mug_filter_nursing_lightsoff,0:00,,,,,,,,dripper+filter,,,,,,,
,mug_filter_nursing_lightson,0:00,,,,,,,,dripper+filter,,,,,,,
,mug_filter_office_lightsoff,0:00,,,,,,,,dripper+filter,,,,,,,
,mug_filter_office_lightson,0:00,,,,,,,,dripper+filter,,,,,,,
,mug_filter_orange_booth_lightsoff,0:00,,,,,,,,dripper+filter,,,,,,,
,mug_filter_orange_booth_lightson,0:00,,,,,,,,dripper+filter,,,,,,,
,mug_filter_printer,0:00,,,,,,,,dripper+filter,,,,,,,
,mug_filter_staircase,0:00,,,,,,,,dripper+filter,,,,,,,
,mug_filter_window,0:00,,,,,,,,dripper+filter,,,,,,,
,mug_kitchen_lightsoff,0:00,,,,,,,,dripper[empty],,,,,,,
,mug_kitchen_lightson,0:00,,,,,,,,dripper[empty],,,,,,,
,mug_nursingroom_lightsoff,0:00,,,,,,,,dripper[empty],,,,,,,
,mug_nursingroom_lightson,0:00,,,,,,,,dripper[empty],,,,,,,
,mug_office_lightsoff,0:00,,,,,,,,dripper[empty],,,,,,,
,mug_office_lightson,0:00,,,,,,,,dripper[empty],,,,,,,
,mug_printerroom_lightsoff,0:00,,,,,,,,dripper[empty],,,,,,,
,mug_stairwell_asis,0:00,,,,,,,,dripper[empty],,,,,,,
,mug_teabag_kitchen_lightsoff,0:00,,,,,,,,teabag,,,,,,,
,mug_teabag_kitchen_lightson,0:00,,,,,,,,teabag,,,,,,,
,mug_teabag_mailroom_lightsoff,0:00,,,,,,,,teabag,,,,,,,
,mug_teabag_office_lightsoff,0:00,,,,,,,,teabag,,,,,,,
,mug_teabag_office_lightson,0:00,,,,,,,,teabag+stirrer,,,,,,,
,mug_teabag_stirrer_holding_kitchen_lightson,0:00,,,,,,,,teabag+stirrer,,,,,,,
,mug_teabag_stirrer_kitchen_lightson,0:00,,,,,,,,teabag+stirrer,,,,,,,
,mug_teabag_stirrer_mailroom_lightsoff,0:00,,,,,,,,teabag+stirrer,,,,,,,
,mug_teabag_stirrer_office_lightsoff,0:00,,,,,,,,teabag+stirrer,,,,,,,
,mug_teabag_stirrer_office_lightson,0:00,,,,,,,,teabag+stirrer,,,,,,,
,mug_window_lightson,0:00,,,,,,,,dripper[empty],,,,,,,
,nowl_oatmeal_dry_nursingroom_lightson,0:00,,,oatmeal[dry],,,,,,,,,,,,
,on_plate_pinwheel_kitchen_lightsoff,0:00,,,,,sliced[full],,,,,,,,,,
,on_plate_pinwheel_kitchen_lightson,0:00,,,,,sliced[full],,,,,,,,,,
,on_plate_pinwheel_nursing_lightsoff,0:00,,,,,sliced[full],,,,,,,,,,
,on_plate_pinwheel_nursing_lightson,0:00,,,,,sliced[full],,,,,,,,,,
,on_plate_pinwheel_office_lightsoff,0:00,,,,,sliced[full],,,,,,,,,,
,on_plate_pinwheel_office_lightson,0:00,,,,,sliced[full],,,,,,,,,,
,on_plate_pinwheel_orange_booth_lightsoff,0:00,,,,,sliced[full],,,,,,,,,,
,on_plate_pinwheel_orange_booth_lightson,0:00,,,,,sliced[full],,,,,,,,,,
,on_plate_pinwheel_printer,0:00,,,,,sliced[full],,,,,,,,,,
,on_plate_pinwheel_staircase,0:00,,,,,sliced[full],,,,,,,,,,
,on_plate_pinwheel_window,0:00,,,,,sliced[full],,,,,,,,,,
,on_plate_quesadilla_kitchen_lightsoff,0:00,,,,,cut,,,,,,,,,,
,on_plate_quesadilla_kitchen_lightson,0:00,,,,,cut,,,,,,,,,,
,on_plate_quesadilla_nursing_lightsoff,0:00,,,,,cut,,,,,,,,,,
,on_plate_quesadilla_nursing_lightson,0:00,,,,,cut,,,,,,,,,,
,on_plate_quesadilla_office_lightsoff,0:00,,,,,cut,,,,,,,,,,
,on_plate_quesadilla_office_lightson,0:00,,,,,cut,,,,,,,,,,
,on_plate_quesadilla_printer,0:00,,,,,cut,,,,,,,,,,
,package_kitchen_lightsoff,0:00,,,,,in-package,,,,,,,,,,
,package_kitchen_lightson,0:00,,,,,in-package,,,,,,,,,,
,package_nursingroom_lightsoff,0:00,,,,,in-package,,,,,,,,,,
,package_nursingroom_lightson,0:00,,,,,in-package,,,,,,,,,,
,package_office_lightsoff,0:00,,,,,in-package,,,,,,,,,,
,package_office_lightson,0:00,,,,,in-package,,,,,,,,,,
,package_orangebooth_lightsoff,0:00,,,,,in-package,,,,,,,,,,
,package_orangebooth_lightson,0:00,,,,,in-package,,,,,,,,,,
,package_printerroom_lightson,0:00,,,,,in-package,,,,,,,,,,
,package_stairwell_as-is,0:00,,,,,in-package,,,,,,,,,,
,package_window_lightson,0:00,,,,,in-package,,,,,,,,,,
,pb_jelly_kitchen_lightsoff,0:00,,,,,pb+jelly[full],,,,,,,,,,
,pb_jelly_kitchen_lightson,0:00,,,,,pb+jelly[full],,,,,,,,,,
,pb_jelly_nursingroom_lightsoff,0:00,,,,,pb+jelly[full],,,,,,,,,,
,pb_jelly_nursingroom_lightson,0:00,,,,,pb+jelly[full],,,,,,,,,,
,pb_jelly_office_lightsoff,0:00,,,,,pb+jelly[full],,,,,,,,,,
,pb_jelly_office_lightson,0:00,,,,,pb+jelly[full],,,,,,,,,,
,pb_jelly_printerroom_lightsoff,0:00,,,,,pb+jelly[full],,,,,,,,,,
,peanut-butter_kitchen_lightsoff,0:00,,,,,peanut-butter[full],,,,,,,,,,
,peanut-butter_kitchen_lightson,0:00,,,,,peanut-butter[full],,,,,,,,,,
,peanut-butter_nursingroom_lightsoff,0:00,,,,,peanut-butter[full],,,,,,,,,,
,peanut-butter_nursingroom_lightson,0:00,,,,,peanut-butter[full],,,,,,,,,,
,peanut-butter_office_lightsoff,0:00,,,,,peanut-butter[full],,,,,,,,,,
,peanut-butter_office_lightson,0:00,,,,,peanut-butter[full],,,,,,,,,,
,peanut-butter_orangeroom_lightsoff,0:00,,,,,peanut-butter[full],,,,,,,,,,
,peanut-butter_orangeroom_lightson,0:00,,,,,peanut-butter[full],,,,,,,,,,
,peanut-butter_printerroom_lightsoff,0:00,,,,,peanut-butter[full],,,,,,,,,,
,peanut-butter_stairwell_as-is,0:00,,,,,peanut-butter[full],,,,,,,,,,
,peanut-butter_window_lightson,0:00,,,,,peanut-butter[full],,,,,,,,,,
,plain_kitchen_lightsoff,0:00,,,,,plain,,,,,,,,,,
,plain_kitchen_lightson,0:00,,,,,plain,,,,,,,,,,
,plain_nursingroom_lightsoff,0:00,,,,,plain,,,,,,,,,,
,plain_nursingroom_lightson,0:00,,,,,plain,,,,,,,,,,
,plain_office_lightsoff,0:00,,,,,plain,,,,,,,,,,
,plain_office_lightson,0:00,,,,,plain,,,,,,,,,,
,plain_orangebooth_lightsoff,0:00,,,,,plain,,,,,,,,,,
,plain_orangebooth_lightson,0:00,,,,,plain,,,,,,,,,,
,plain_printerroom_lightsoff,0:00,,,,,plain,,,,,,,,,,
,plain_stairwell_as-is,0:00,,,,,plain,,,,,,,,,,
,plain_window_lightson,0:00,,,,,plain,,,,,,,,,,
,quesadilla_onplate_hallway,0:00,,,,,cut,,,,,,,,,,
,rolled_kitchen_lightson,0:00,,,,,rolled,,,,,,,,,,
,rolled_kitchen_lightson2,0:00,,,,,rolled,,,,,,,,,,
,rolled_nursingroom_lightson,0:00,,,,,rolled,,,,,,,,,,
,rolled_nursingroom_lightson2,0:00,,,,,rolled,,,,,,,,,,
,rolled_office_lightsoff,0:00,,,,,rolled,,,,,,,,,,
,rolled_office_lightson,0:00,,,,,rolled,,,,,,,,,,
,rolled_printerroom_lightsoff,0:00,,,,,rolled,,,,,,,,,,
,rolled_toothpick_kitchen_lightsoff,0:00,,,,,rolled,,,,,,,,,,
,rolled_toothpick_kitchen_lightson,0:00,,,,,rolled,,,,,,,,,,
,rolled_toothpick_nursing_lightsoff,0:00,,,,,rolled,,,,,,,,,,
,rolled_toothpick_nursing_lightson,0:00,,,,,rolled,,,,,,,,,,
,rolled_toothpick_office_lightsoff,0:00,,,,,rolled,,,,,,,,,,
,rolled_toothpick_office_lightson,0:00,,,,,rolled,,,,,,,,,,
,rolled_toothpick_orange_booth_lightsoff,0:00,,,,,rolled,,,,,,,,,,
,rolled_toothpick_orange_booth_lightson,0:00,,,,,rolled,,,,,,,,,,
,rolled_toothpick_printer,0:00,,,,,rolled,,,,,,,,,,
,rolled_toothpick_staircase,0:00,,,,,rolled,,,,,,,,,,
,rolled_toothpick_window,0:00,,,,,rolled,,,,,,,,,,
,sliced_pinwheel_kitchen_lightsoff,0:00,,,,,sliced[full],,,,,,,,,,
,sliced_pinwheel_kitchen_lightson,0:00,,,,,sliced[full],,,,,,,,,,
,sliced_pinwheel_nursing_lightsoff,0:00,,,,,sliced[full],,,,,,,,,,
,sliced_pinwheel_nursing_lightson,0:00,,,,,sliced[full],,,,,,,,,,
,sliced_pinwheel_office_lightsoff,0:00,,,,,sliced[full],,,,,,,,,,
,sliced_pinwheel_office_lightson,0:00,,,,,sliced[full],,,,,,,,,,
,sliced_pinwheel_orange_booth_lightsoff,0:00,,,,,sliced[full],,,,,,,,,,
,sliced_pinwheel_orange_booth_lightson,0:00,,,,,sliced[full],,,,,,,,,,
,sliced_pinwheel_printer,0:00,,,,,sliced[full],,,,,,,,,,
,sliced_pinwheel_staircase,0:00,,,,,sliced[full],,,,,,,,,,
,sliced_pinwheel_window,0:00,,,,,sliced[full],,,,,,,,,,
,sliced_quesadilla_kitchen_lightsoff,0:00,,,,,cut,,,,,,,,,,
,sliced_quesadilla_kitchen_lightson,0:00,,,,,cut,,,,,,,,,,
,sliced_quesadilla_nursing_lightsoff,0:00,,,,,cut,,,,,,,,,,
,sliced_quesadilla_nursing_lightson,0:00,,,,,cut,,,,,,,,,,
,sliced_quesadilla_office_lightsoff,0:00,,,,,cut,,,,,,,,,,
,sliced_quesadilla_office_lightson,0:00,,,,,cut,,,,,,,,,,
,sliced_quesadilla_printer,0:00,,,,,cut,,,,,,,,,,
,sliced_quesadilla_window,0:00,,,,,cut,,,,,,,,,,
,tortilla_nutella_banana_kitchen_lightoff,0:00,,,,,nutella+banana[full],,,,,,,,,,
,tortilla_nutella_banana_kitchen_lighton,0:00,,,,,nutella+banana[full],,,,,,,,,,
,tortilla_nutella_banana_nursing_lightoff,0:00,,,,,nutella+banana[full],,,,,,,,,,
,tortilla_nutella_banana_nursing_lighton,0:00,,,,,nutella+banana[full],,,,,,,,,,
,tortilla_nutella_banana_office_lightoff,0:00,,,,,nutella+banana[full],,,,,,,,,,
,tortilla_nutella_banana_office_lighton,0:00,,,,,nutella+banana[full],,,,,,,,,,
,tortilla_nutella_banana_orange_booth_lightsoff,0:00,,,,,nutella+banana[full],,,,,,,,,,
,tortilla_nutella_banana_orange_booth_lightson,0:00,,,,,nutella+banana[full],,,,,,,,,,
,tortilla_nutella_banana_printer_room,0:00,,,,,nutella+banana[full],,,,,,,,,,
,tortilla_nutella_banana_staircase,0:00,,,,,nutella+banana[full],,,,,,,,,,
,tortilla_nutella_banana_window,0:00,,,,,nutella+banana[full],,,,,,,,,,
,tortilla_nutella_kitchen_lightoff,0:00,,,,,nutella[full],,,,,,,,,,
,tortilla_nutella_kitchen_lighton,0:00,,,,,nutella[full],,,,,,,,,,
,tortilla_nutella_nursing_lightoff,0:00,,,,,nutella[full],,,,,,,,,,
,tortilla_nutella_nursing_lighton,0:00,,,,,nutella[full],,,,,,,,,,
,tortilla_nutella_office_lightoff,0:00,,,,,nutella[full],,,,,,,,,,
,tortilla_nutella_office_lighton,0:00,,,,,nutella[full],,,,,,,,,,
,tortilla_nutella_orange_booth_lightsoff,0:00,,,,,nutella[full],,,,,,,,,,
,tortilla_nutella_orange_booth_lightson,0:00,,,,,nutella[full],,,,,,,,,,
,tortilla_nutella_printer_room,0:00,,,,,nutella[full],,,,,,,,,,
,tortilla_nutella_staircase,0:00,,,,,nutella[full],,,,,,,,,,
,tortilla_nutella_window,0:00,,,,,nutella[full],,,,,,,,,,
,mug_empty_office_lightsoff,0:00,,,,,,,,empty,,,,,,,
,mug_empty_office_lightson,0:00,,,,,,,,empty,,,,,,,
,mug_water-partial_office_lightson,0:00,,,,,,,,water[partial],,,,,,,
,mug_water_full_office_lightson,0:00,,,,,,,,water[full],,,,,,,
,mug_empty_table_purple_lightson,0:00,,,,,,,,empty,,,,,,,
,mug_empty_table_yellow_lightson,0:00,,,,,,,,empty,,,,,,,
,mug_tea_table_yellow_lightson,0:00,,,,,,,,water,,,,,,,
,mug_teabag-water-full_table_purple_lightson,0:00,,,,,,,,tea-bag+water[full],,,,,,,
,mug_teabag-water-full_table_yellow_lightson,0:00,,,,,,,,tea-bag+water[full],,,,,,,
,mug_teabag-water-partial_table_yellow_lightson,0:00,,,,,,,,tea-bag+water[partial],,,,,,,
,mug_teabag_table_purple_lightson,0:00,,,,,,,,tea-bag,,,,,,,
,mug_teabag_table_yellow_lightson,0:00,,,,,,,,tea-bag,,,,,,,
,mug_water_table_purple_lightson,0:00,,,,,,,,water,,,,,,,
,mug_tea_water_mug_kitchen,,,,,,,,,tea-bag+water[full],,,,,,,
,mug_tea_water_mug_office,,,,,,,,,tea-bag+water[full],,,,,,,
,mug_tea_water_mug_window,,,,,,,,,tea-bag+water[full],,,,,,,
,ood_tortila_kitchen_1,,,,,,unknown,,,,,,,,,,
,ood_tortila_kitchen_2,,,,,,unknown,,,,,,,,,,
,ood_tortila_kitchen_3,,,,,,unknown,,,,,,,,,,
,ood_tortila_kitchen_4,,,,,,unknown,,,,,,,,,,
,ood_tortila_kitchen_5,,,,,,unknown,,,,,,,,,,
,ood_tortila_kitchen_6,,,,,,unknown,,,,,,,,,,
,ood_tortila_kitchen_7,,,,,,unknown,,,,,,,,,,
,ood_tortila_kitchen_8,,,,,,unknown,,,,,,,,,,
,ood_tortila_office_lightsoff,,,,,,unknown,,,,,,,,,,
,ood_tortila_office_lightson,,,,,,unknown,,,,,,,,,,
,ood_tortila_window_lightsoff,,,,,,unknown,,,,,,,,,,
,ood_tortila_window_lightson,,,,,,unknown,,,,,,,,,,
,rolled_CUSP1,,,,,,,,,,,,,,,,
,rolled_CUSP2,,,,,,,,,,,,,,,,
,rolled_CUSP3,,,,,,,,,,,,,,,,
,rolled_plain_adversarial_CUSP4,,,,,,,,,,,,,,,,
,rolled_plain_adversarial_CUSP5,,,,,,,,,,,,,,,,
,rolled_plain_adversarial_CUSP6,,,,,,,,,,,,,,,,
,rolled_iran_new,,,,,,,,,,,,,,,,
,rolled_plain_adversarial_MARL2,,,,,,,,,,,,,,,,
,20231101_193803,,,,,,,,,,,,,,,,
,knife_clean_paper_towel,,,,,,,,clean,,,,,,,,
,knife_clean_paper_towel_2,,,,,,,,clean,,,,,,,,
,knife_clean_table,,,,,,,,clean,,,,,,,,
,knife_dirty_paper_towel,,,,,,,,dirty,,,,,,,,
,knife_dirty_table,,,,,,,,dirty,,,,,,,,
,knife_dirty_table_2,,,,,,,,dirty,,,,,,,,
oatmeal,oatmeal_2023.11.03-18.51.03,0:00,,1,,,,,,,,,,,,,
oatmeal,oatmeal_2023.11.03-18.51.03,0:26,,2,,,,,,,,,,,,,
oatmeal,oatmeal_2023.11.03-18.51.03,0:44,,3,,,,,,,,,,,,,
oatmeal,oatmeal_2023.11.03-18.51.03,1:51,,4,,,,,,,,,,,,,
oatmeal,oatmeal_2023.11.03-18.51.03,2:10,,5,,,,,,,,,,,,,
oatmeal,oatmeal_2023.11.03-18.51.03,3:13,,6,,,,,,,,,,,,,
oatmeal,oatmeal_2023.11.03-18.51.03,3:36,,7,,,,,,,,,,,,,
oatmeal,oatmeal_2023.11.03-19.04.04,0:00,,1,,,,,,,,,,,,,
oatmeal,oatmeal_2023.11.03-19.04.04,1:17,,2,,,,,,,,,,,,,
oatmeal,oatmeal_2023.11.03-19.04.04,1:42,,3,,,,,,,,,,,,,
oatmeal,oatmeal_2023.11.03-19.04.04,2:41,,4,,,,,,,,,,,,,
oatmeal,oatmeal_2023.11.03-19.04.04,3:05,,5,,,,,,,,,,,,,
oatmeal,oatmeal_2023.11.03-19.04.04,4:40,,6,,,,,,,,,,,,,
oatmeal,oatmeal_2023.11.03-19.04.04,5:31,,7,,,,,,,,,,,,,
oatmeal,oatmeal_2023.11.03-18.43.03,0:00,,1,,,,,,,,,,,,,
oatmeal,oatmeal_2023.11.03-18.43.03,0:19,,2,,,,,,,,,,,,,
oatmeal,oatmeal_2023.11.03-18.43.03,0:43,,3,,,,,,,,,,,,,
oatmeal,oatmeal_2023.11.03-18.43.03,2:10,,4,,,,,,,,,,,,,
oatmeal,oatmeal_2023.11.03-18.43.03,2:30,,5,,,,,,,,,,,,,
oatmeal,oatmeal_2023.11.03-18.43.03,3:55,,6,,,,,,,,,,,,,
oatmeal,oatmeal_2023.11.03-18.43.03,4:25,,7,,,,,,,,,,,,,
quesadilla,quesadilla_2023.11.03-19.31.43,0:00,,1,,,,,,,,,,,,,
quesadilla,quesadilla_2023.11.03-19.31.43,0:09,,2,,,,,,,,,,,,,
quesadilla,quesadilla_2023.11.03-19.31.43,0:52,,3,,,,,,,,,,,,,
quesadilla,quesadilla_2023.11.03-19.31.43,1:31,,4,,,,,,,,,,,,,
quesadilla,quesadilla_2023.11.03-19.31.43,1:40,,5,,,,,,,,,,,,,
quesadilla,quesadilla_2023.11.03-19.31.43,1:49,,6,,,,,,,,,,,,,
quesadilla,quesadilla_2023.11.03-19.31.43,1:57,,7,,,,,,,,,,,,,
quesadilla,quesadilla_2023.11.03-19.49.08,0:00,,1,,,,,,,,,,,,,
quesadilla,quesadilla_2023.11.03-19.49.08,0:21,,2,,,,,,,,,,,,,
quesadilla,quesadilla_2023.11.03-19.49.08,1:11,,3,,,,,,,,,,,,,
quesadilla,quesadilla_2023.11.03-19.49.08,1:44,,4,,,,,,,,,,,,,
quesadilla,quesadilla_2023.11.03-19.49.08,1:58,,5,,,,,,,,,,,,,
quesadilla,quesadilla_2023.11.03-19.49.08,2:04,,6,,,,,,,,,,,,,
quesadilla,quesadilla_2023.11.03-19.49.08,2:15,,7,,,,,,,,,,,,,
quesadilla,quesadilla_ 2023.11.03-19.45.06,0:00,,1,,,,,,,,,,,,,
quesadilla,quesadilla_ 2023.11.03-19.45.06,0:10,,2,,,,,,,,,,,,,
quesadilla,quesadilla_ 2023.11.03-19.45.06,1:10,,3,,,,,,,,,,,,,
quesadilla,quesadilla_ 2023.11.03-19.45.06,2:05,,4,,,,,,,,,,,,,
quesadilla,quesadilla_ 2023.11.03-19.45.06,2:18,,5,,,,,,,,,,,,,
quesadilla,quesadilla_ 2023.11.03-19.45.06,2:23,,6,,,,,,,,,,,,,
quesadilla,quesadilla_ 2023.11.03-19.45.06,2:32,,7,,,,,,,,,,,,,
quesadilla,quesadilla_2023.11.03-19.36.01,0:00,,1,,,,,,,,,,,,,
quesadilla,quesadilla_2023.11.03-19.36.01,0:20,,2,,,,,,,,,,,,,
quesadilla,quesadilla_2023.11.03-19.36.01,1:55,,3,,,,,,,,,,,,,
quesadilla,quesadilla_2023.11.03-19.36.01,2:31,,4,,,,,,,,,,,,,
quesadilla,quesadilla_2023.11.03-19.36.01,2:47,,5,,,,,,,,,,,,,
quesadilla,quesadilla_2023.11.03-19.36.01,2:56,,6,,,,,,,,,,,,,
quesadilla,quesadilla_2023.11.03-19.36.01,3:12,,7,,,,,,,,,,,,,
tea,,,,,,,,,,,,,,,,,
tea,,,,,,,,,,,,,,,,,
tea,,,,,,,,,,,,,,,,,
tea,,,,,,,,,,,,,,,,,
tea,,,,,,,,,,,,,,,,,
tea,,,,,,,,,,,,,,,,,
tea,,,,,,,,,,,,,,,,,