action,true_step,predicted_step
take spoon,2,2
take spoon,2,2
take spoon,2,2
take spoon,2,2
take spoon,2,2
take spoon,2,2
take spoon,2,2
take spoon,2,2
take spoon,2,2
take spoon,2,2
take spoon,2,2
take spoon,2,2
take spoon,2,2
take spoon,2,2
take spoon,2,2
take bag,2,2
take bag,2,2
take bag,2,2
take bag,2,2
take bag,2,2
take bag,2,2
take bag,2,2
take bag,2,2
open bag,2,2
open bag,2,2
open bag,2,2
open bag,2,2
open bag,2,2
open bag,2,2
open bag,2,2
open bag,2,2
open bag,2,2
open bag,2,2
open bag,2,2
open bag,2,2
open bag,2,2
open bag,2,2
open bag,2,2
open bag,2,2
open bag,2,2
open bag,2,2
open bag,2,2
open bag,2,2
open bag,2,2
open bag,2,2
open bag,2,2
scoop powder,2,2
scoop powder,2,2
scoop powder,2,2
scoop powder,2,2
scoop powder,2,2
scoop powder,2,2
scoop powder,2,2
scoop powder,2,2
scoop powder,2,2
scoop powder,2,2
scoop powder,2,2
scoop powder,2,2
scoop powder,2,2
scoop powder,2,2
scoop powder,2,2
scoop powder,2,2
scoop powder,2,2
scoop powder,2,2
scoop powder,2,2
scoop powder,2,2
scoop powder,2,2
scoop powder,2,2
scoop powder,2,2
scoop powder,2,2
scoop powder,2,2
scoop powder,2,2
scoop powder,2,2
scoop powder,2,2
scoop powder,2,2
scoop powder,2,2
pour powder,2,2
pour powder,2,2
pour powder,2,2
pour powder,2,2
pour powder,2,2
pour powder,2,2
pour powder,2,2
pour powder,2,2
pour powder,2,2
pour powder,2,2
pour powder,2,2
pour powder,2,2
pour powder,2,2
pour powder,2,2
pour powder,2,2
pour powder,2,2
pour powder,2,2
pour powder,2,2
pour powder,2,2
pour powder,2,2
pour powder,2,2
pour powder,2,2
pour powder,2,2
pour powder,2,2
pour powder,2,2
pour powder,2,2
pour powder,2,2
pour powder,2,2
pour powder,2,2
pour powder,2,2
scoop powder,2,2
scoop powder,2,2
scoop powder,2,2
scoop powder,2,2
scoop powder,2,2
scoop powder,2,2
scoop powder,2,2
scoop powder,2,2
scoop powder,2,2
scoop powder,2,2
scoop powder,2,2
scoop powder,2,2
scoop powder,2,2
scoop powder,2,2
scoop powder,2,2
scoop powder,2,2
scoop powder,2,2
scoop powder,2,2
scoop powder,2,2
scoop powder,2,2
scoop powder,2,2
scoop powder,2,2
scoop powder,2,2
scoop powder,2,2
scoop powder,2,2
scoop powder,2,2
scoop powder,2,2
scoop powder,2,2
scoop powder,2,2
scoop powder,2,2
scoop powder,2,2
scoop powder,2,2
scoop powder,2,2
scoop powder,2,2
scoop powder,2,2
scoop powder,2,2
scoop powder,2,2
scoop powder,2,2
pour powder,2,2
pour powder,2,2
pour powder,2,2
pour powder,2,2
pour powder,2,2
pour powder,2,2
pour powder,2,2
pour powder,2,2
pour powder,2,3
pour powder,2,3
pour powder,2,3
pour powder,2,3
pour powder,2,3
pour powder,2,3
pour powder,2,3
pour powder,2,3
close bag,2,3
close bag,2,3
close bag,2,3
close bag,2,3
close bag,2,3
close bag,2,3
close bag,2,3
close bag,2,3
close bag,2,3
close bag,2,3
close bag,2,3
close bag,2,3
close bag,2,3
close bag,2,3
close bag,2,3
close bag,2,3
close bag,2,4
close bag,2,4
close bag,2,4
close bag,2,4
close bag,2,4
close bag,2,4
take bag,2,4
take bag,2,4
take bag,2,4
take bag,2,4
take bag,2,4
take bag,2,4
take bag,2,4
take bag,2,4
put bag,2,4
put bag,2,4
put bag,2,4
put bag,2,4
put bag,2,4
put bag,2,4
put bag,2,4
take container,2,4
take container,2,4
take container,2,4
take container,2,4
take container,2,4
take container,2,4
take container,2,4
take container,2,4
open container,2,4
open container,2,4
open container,2,4
open container,2,4
open container,2,4
open container,2,4
open container,2,4
open container,2,4
open container,2,4
open container,2,4
open container,2,4
open container,2,4
open container,2,4
open container,2,4
open container,2,4
open container,2,4
open container,2,4
open container,2,4
open container,2,4
open container,2,4
open container,2,4
open container,2,4
open container,2,4
pour powder,2,4
pour powder,2,4
pour powder,2,4
pour powder,2,4
pour powder,2,4
pour powder,2,4
pour powder,2,4
pour powder,2,4
pour powder,2,4
pour powder,2,4
pour powder,2,4
pour powder,2,4
pour powder,2,4
pour powder,2,4
pour powder,2,4
pour powder,2,4
pour powder,2,4
pour powder,2,4
pour powder,2,4
pour powder,2,4
pour powder,2,4
pour powder,2,4
pour powder,2,4
pour powder,2,4
pour powder,2,4
pour powder,2,4
pour powder,2,4
pour powder,2,4
pour powder,2,4
pour powder,2,4
pour powder,2,4
pour powder,2,4
pour powder,2,4
pour powder,2,4
pour powder,2,4
pour powder,2,4
pour powder,2,4
pour powder,2,4
pour powder,2,4
pour powder,2,4
pour powder,2,4
pour powder,2,4
pour powder,2,4
pour powder,2,4
pour powder,2,4
pour powder,2,4
pour powder,2,4
pour powder,2,4
pour powder,2,4
pour powder,2,4
pour powder,2,4
pour powder,2,4
pour powder,2,4
pour powder,2,4
pour powder,2,4
pour powder,2,4
pour powder,2,4
pour powder,2,4
pour powder,2,4
pour powder,2,4
pour powder,2,4
pour powder,2,4
pour powder,2,4
pour powder,2,4
pour powder,2,4
pour powder,2,4
pour powder,2,4
pour powder,2,4
pour powder,2,4
pour powder,2,4
pour powder,2,4
pour powder,2,4
pour powder,2,4
pour powder,2,4
pour powder,2,4
pour powder,2,4
pour powder,2,4
pour powder,2,4
pour powder,2,4
pour powder,2,4
pour powder,2,4
pour powder,2,4
pour powder,2,4
pour powder,2,4
pour powder,2,4
pour powder,2,4
pour powder,2,4
pour powder,2,4
pour powder,2,4
pour powder,2,4
pour powder,2,4
pour powder,2,4
pour powder,2,4
pour powder,2,4
pour powder,2,4
pour powder,2,4
pour powder,2,4
pour powder,2,4
pour powder,2,4
pour powder,2,4
pour powder,2,4
pour powder,2,5
pour powder,2,5
pour powder,2,5
pour powder,2,5
put container,2,5
put container,2,5
put container,2,5
put container,2,5
put container,2,5
put container,2,5
put container,2,5
take container,2,5
take container,2,5
take container,2,5
take container,2,5
take container,2,5
take container,2,5
take container,2,5
take container,2,5
open container,2,5
open container,2,5
open container,2,5
open container,2,5
open container,2,5
open container,2,5
open container,2,5
open container,2,5
scoop powder,2,5
scoop powder,2,5
scoop powder,2,5
scoop powder,2,5
scoop powder,2,5
scoop powder,2,5
scoop powder,2,5
scoop powder,2,5
scoop powder,2,5
scoop powder,2,5
scoop powder,2,5
scoop powder,2,5
scoop powder,2,5
scoop powder,2,5
scoop powder,2,5
scoop powder,2,5
scoop powder,2,5
scoop powder,2,5
scoop powder,2,5
scoop powder,2,5
scoop powder,2,5
scoop powder,2,5
scoop powder,2,5
scoop powder,2,5
scoop powder,2,5
scoop powder,2,5
scoop powder,2,5
scoop powder,2,5
scoop powder,2,5
scoop powder,2,5
scoop powder,2,5
scoop powder,2,5
scoop powder,2,5
scoop powder,2,5
scoop powder,2,5
scoop powder,2,5
scoop powder,2,5
scoop powder,2,5
scoop powder,2,5
scoop powder,2,5
scoop powder,2,5
scoop powder,2,5
scoop powder,2,5
scoop powder,2,5
scoop powder,2,5
scoop powder,2,5
scoop powder,2,5
scoop powder,2,5
scoop powder,2,5
scoop powder,2,5
scoop powder,2,5
scoop powder,2,5
pour powder,2,5
pour powder,2,5
pour powder,2,5
pour powder,2,5
pour powder,2,5
pour powder,2,5
pour powder,2,5
pour powder,2,5
close container,2,5
close container,2,5
close container,2,5
close container,2,5
close container,2,5
close container,2,5
close container,2,5
close container,2,5
mix mixture,3,5
mix mixture,3,5
mix mixture,3,5
mix mixture,3,5
mix mixture,3,6
mix mixture,3,6
mix mixture,3,6
mix mixture,3,6
mix mixture,3,6
mix mixture,3,6
mix mixture,3,6
mix mixture,3,6
mix mixture,3,6
mix mixture,3,6
mix mixture,3,6
mix mixture,3,6
mix mixture,3,6
mix mixture,3,6
mix mixture,3,6
mix mixture,3,6
mix mixture,3,6
mix mixture,3,6
mix mixture,3,6
mix mixture,3,6
mix mixture,3,6
mix mixture,3,6
mix mixture,3,6
mix mixture,3,6
mix mixture,3,6
mix mixture,3,6
mix mixture,3,6
mix mixture,3,6
mix mixture,3,6
mix mixture,3,6
mix mixture,3,6
mix mixture,3,6
mix mixture,3,6
mix mixture,3,6
mix mixture,3,6
mix mixture,3,6
mix mixture,3,6
mix mixture,3,6
mix mixture,3,6
mix mixture,3,6
mix mixture,3,6
mix mixture,3,6
put spoon,3,6
put spoon,3,6
put spoon,3,6
put spoon,3,6
put spoon,3,6
put spoon,3,6
put spoon,3,6
put spoon,3,6
mix mixture,3,6
mix mixture,3,6
mix mixture,3,6
mix mixture,3,6
mix mixture,3,6
mix mixture,3,6
mix mixture,3,6
mix mixture,3,6
mix mixture,3,6
mix mixture,3,6
mix mixture,3,6
mix mixture,3,6
mix mixture,3,6
mix mixture,3,6
mix mixture,3,6
mix mixture,3,6
mix mixture,3,6
mix mixture,3,6
mix mixture,3,6
mix mixture,3,6
mix mixture,3,6
mix mixture,3,6
mix mixture,3,6
put whisk,3,6
put whisk,3,6
put whisk,3,6
put whisk,3,6
put whisk,3,6
put whisk,3,6
put whisk,3,6
put whisk,3,6
take bottle,4,6
take bottle,4,6
take bottle,4,6
take bottle,4,6
take bottle,4,6
take bottle,4,6
take bottle,4,6
take bottle,4,6
open bottle,4,6
open bottle,4,6
open bottle,4,6
open bottle,4,6
open bottle,4,6
open bottle,4,6
open bottle,4,6
open bottle,4,6
open bottle,4,6
open bottle,4,6
open bottle,4,6
open bottle,4,6
open bottle,4,6
open bottle,4,6
open bottle,4,6
open bottle,4,6
open bottle,4,6
open bottle,4,6
open bottle,4,6
open bottle,4,6
open bottle,4,6
open bottle,4,6
open bottle,4,6
open bottle,4,6
open bottle,4,6
open bottle,4,6
open bottle,4,6
open bottle,4,6
open bottle,4,6
open bottle,4,6
take bottle,4,6
take bottle,4,6
take bottle,4,6
take bottle,4,6
take bottle,4,6
take bottle,4,6
take bottle,4,6
take bottle,4,6
pour oil,4,6
pour oil,4,6
pour oil,4,6
pour oil,4,6
pour oil,4,6
pour oil,4,6
pour oil,4,6
pour oil,4,6
pour oil,4,6
pour oil,4,6
pour oil,4,6
pour oil,4,6
pour oil,4,6
pour oil,4,6
pour oil,4,6
pour oil,4,6
pour oil,4,6
pour oil,4,6
pour oil,4,6
pour oil,4,6
pour oil,4,6
pour oil,4,6
pour oil,4,6
pour oil,4,6
pour oil,4,6
pour oil,4,6
pour oil,4,6
pour oil,4,6
pour oil,4,6
pour oil,4,6
pour oil,4,6
pour oil,4,6
pour oil,4,6
pour oil,4,6
pour oil,4,6
pour oil,4,6
pour oil,4,6
pour oil,4,6
pour oil,4,6
pour oil,4,6
pour oil,4,6
pour oil,4,6
pour oil,4,6
pour oil,4,6
pour oil,4,6
pour oil,4,6
take cap,4,6
take cap,4,6
take cap,4,6
take cap,4,6
take cap,4,6
take cap,4,6
take cap,4,6
take cap,4,6
close bottle,4,6
close bottle,4,6
close bottle,4,6
close bottle,4,6
close bottle,4,6
close bottle,4,6
close bottle,4,6
close bottle,4,6
close bottle,4,6
close bottle,4,6
close bottle,4,6
close bottle,4,6
close bottle,4,6
close bottle,4,6
close bottle,4,6
take cup,4,6
take cup,4,6
take cup,4,6
take cup,4,6
take cup,4,6
take cup,4,6
take cup,4,6
take cup,4,6
put spoon,4,6
put spoon,4,6
put spoon,4,6
put spoon,4,6
put spoon,4,6
put spoon,4,6
put spoon,4,6
pour powder,4,6
pour powder,4,6
pour powder,4,6
pour powder,4,6
pour powder,4,6
pour powder,4,6
pour powder,4,6
pour powder,4,6
pour powder,4,6
pour powder,4,6
pour powder,4,6
pour powder,4,6
pour powder,4,6
pour powder,4,6
pour powder,4,6
pour powder,4,6
take bottle,4,6
take bottle,4,6
take bottle,4,6
take bottle,4,6
take bottle,4,6
take bottle,4,6
take bottle,4,6
take bottle,4,6
take spoon,4,6
take spoon,4,6
take spoon,4,6
take spoon,4,6
take spoon,4,6
take spoon,4,6
take spoon,4,6
take spoon,4,6
pour water,4,6
pour water,4,6
pour water,4,6
pour water,4,6
pour water,4,6
pour water,4,6
pour water,4,6
pour water,4,6
pour water,4,6
pour water,4,6
pour water,4,6
pour water,4,6
pour water,4,6
pour water,4,6
pour water,4,6
put bottle,4,6
put bottle,4,6
put bottle,4,6
put bottle,4,6
put bottle,4,6
put bottle,4,6
put bottle,4,6
put bottle,4,6
put spoon,4,6
put spoon,4,6
put spoon,4,6
put spoon,4,6
put spoon,4,6
put spoon,4,6
put spoon,4,6
mix mixture,5,6
mix mixture,5,6
mix mixture,5,6
mix mixture,5,6
mix mixture,5,6
mix mixture,5,6
mix mixture,5,6
mix mixture,5,6
mix mixture,5,6
mix mixture,5,6
mix mixture,5,6
mix mixture,5,6
mix mixture,5,6
mix mixture,5,6
mix mixture,5,6
mix mixture,5,6
mix mixture,5,6
mix mixture,5,6
mix mixture,5,6
mix mixture,5,6
mix mixture,5,6
mix mixture,5,6
mix mixture,5,6
mix mixture,5,6
mix mixture,5,6
mix mixture,5,6
mix mixture,5,6
mix mixture,5,6
mix mixture,5,6
mix mixture,5,6
mix mixture,5,6
mix mixture,5,6
mix mixture,5,6
mix mixture,5,6
mix mixture,5,6
mix mixture,5,6
mix mixture,5,6
mix mixture,5,6
mix mixture,5,6
mix mixture,5,6
mix mixture,5,6
mix mixture,5,6
mix mixture,5,6
mix mixture,5,6
mix mixture,5,6
mix mixture,5,6
mix mixture,5,6
mix mixture,5,6
mix mixture,5,6
mix mixture,5,6
mix mixture,5,6
mix mixture,5,6
mix mixture,5,6
mix mixture,5,6
mix mixture,5,6
mix mixture,5,6
mix mixture,5,6
mix mixture,5,6
mix mixture,5,6
mix mixture,5,6
mix mixture,5,6
mix mixture,5,6
mix mixture,5,6
mix mixture,5,6
mix mixture,5,6
mix mixture,5,6
mix mixture,5,6
mix mixture,5,6
mix mixture,5,6
mix mixture,5,6
mix mixture,5,6
mix mixture,5,6
mix mixture,5,6
mix mixture,5,6
mix mixture,5,6
mix mixture,5,6
mix mixture,5,6
mix mixture,5,6
mix mixture,5,6
mix mixture,5,6
mix mixture,5,6
mix mixture,5,6
mix mixture,5,6
mix mixture,5,6
mix mixture,5,6
mix mixture,5,6
mix mixture,5,6
mix mixture,5,6
mix mixture,5,6
mix mixture,5,6
mix mixture,5,6
mix mixture,5,6
mix mixture,5,6
mix mixture,5,6
mix mixture,5,6
mix mixture,5,6
mix mixture,5,6
mix mixture,5,6
take bottle,4,6
take bottle,4,6
take bottle,4,6
take bottle,4,6
take bottle,4,6
take bottle,4,6
take bottle,4,6
take bottle,4,6
open bottle,4,6
open bottle,4,6
open bottle,4,6
open bottle,4,6
open bottle,4,6
open bottle,4,6
open bottle,4,6
open bottle,4,6
open bottle,4,6
open bottle,4,6
open bottle,4,6
open bottle,4,6
open bottle,4,6
open bottle,4,6
open bottle,4,6
open bottle,4,6
put cap,4,6
put cap,4,6
put cap,4,6
put cap,4,6
put cap,4,6
put cap,4,6
put cap,4,6
pour extract:vanilla,4,6
pour extract:vanilla,4,6
pour extract:vanilla,4,6
pour extract:vanilla,4,6
pour extract:vanilla,4,6
pour extract:vanilla,4,6
pour extract:vanilla,4,6
pour extract:vanilla,4,6
pour extract:vanilla,4,6
pour extract:vanilla,4,6
pour extract:vanilla,4,6
pour extract:vanilla,4,6
pour extract:vanilla,4,6
pour extract:vanilla,4,6
pour extract:vanilla,4,6
pour extract:vanilla,4,6
pour extract:vanilla,4,6
pour extract:vanilla,4,6
pour extract:vanilla,4,6
pour extract:vanilla,4,6
pour extract:vanilla,4,6
pour extract:vanilla,4,6
pour extract:vanilla,4,6
take cap,4,6
take cap,4,6
take cap,4,6
take cap,4,6
take cap,4,6
take cap,4,6
take cap,4,6
close bottle,4,6
close bottle,4,6
close bottle,4,6
close bottle,4,6
close bottle,4,6
close bottle,4,6
close bottle,4,6
close bottle,4,6
mix mixture,5,6
mix mixture,5,6
mix mixture,5,6
mix mixture,5,6
mix mixture,5,6
mix mixture,5,6
mix mixture,5,6
mix mixture,5,6
mix mixture,5,6
mix mixture,5,6
mix mixture,5,6
mix mixture,5,6
mix mixture,5,6
mix mixture,5,6
mix mixture,5,6
mix mixture,5,6
mix mixture,5,6
mix mixture,5,6
mix mixture,5,6
mix mixture,5,6
mix mixture,5,6
mix mixture,5,6
mix mixture,5,6
mix mixture,5,6
mix mixture,5,6
mix mixture,5,6
mix mixture,5,6
mix mixture,5,6
mix mixture,5,6
mix mixture,5,6
mix mixture,5,6
mix mixture,5,6
mix mixture,5,6
mix mixture,5,6
mix mixture,5,6
mix mixture,5,6
mix mixture,5,6
mix mixture,5,6
mix mixture,5,6
mix mixture,5,6
mix mixture,5,6
mix mixture,5,6
mix mixture,5,6
mix mixture,5,6
mix mixture,5,6
mix mixture,5,6
mix mixture,5,6
mix mixture,5,6
mix mixture,5,6
mix mixture,5,6
mix mixture,5,6
mix mixture,5,6
mix mixture,5,6
mix mixture,5,6
mix mixture,5,6
mix mixture,5,6
mix mixture,5,6
mix mixture,5,6
mix mixture,5,6
mix mixture,5,6
mix mixture,5,6
mix mixture,5,6
mix mixture,5,6
mix mixture,5,6
mix mixture,5,6
mix mixture,5,6
mix mixture,5,6
mix mixture,5,6
mix mixture,5,6
mix mixture,5,6
mix mixture,5,6
mix mixture,5,6
mix mixture,5,6
mix mixture,5,6
mix mixture,5,6
mix mixture,5,6
mix mixture,5,6
mix mixture,5,6
mix mixture,5,6
mix mixture,5,6
mix mixture,5,6
mix mixture,5,6
mix mixture,5,6
pour mixture,6,6
pour mixture,6,6
pour mixture,6,6
pour mixture,6,6
pour mixture,6,6
pour mixture,6,6
pour mixture,6,6
pour mixture,6,6
pour mixture,6,6
pour mixture,6,6
pour mixture,6,6
pour mixture,6,6
pour mixture,6,6
pour mixture,6,6
pour mixture,6,6
pour mixture,6,6
pour mixture,6,6
pour mixture,6,6
pour mixture,6,6
pour mixture,6,6
pour mixture,6,6
pour mixture,6,6
pour mixture,6,6
pour mixture,6,6
pour mixture,6,6
pour mixture,6,6
pour mixture,6,6
pour mixture,6,6
pour mixture,6,6
pour mixture,6,6
pour mixture,6,6
pour mixture,6,6
pour mixture,6,6
pour mixture,6,6
pour mixture,6,6
pour mixture,6,6
pour mixture,6,6
pour mixture,6,6
pour mixture,6,6
pour mixture,6,6
pour mixture,6,6
pour mixture,6,6
pour mixture,6,6
pour mixture,6,6
pour mixture,6,6
pour mixture,6,6
pour mixture,6,6
pour mixture,6,6
pour mixture,6,6
pour mixture,6,6
pour mixture,6,6
pour mixture,6,6
pour mixture,6,6
pour mixture,6,7
pour mixture,6,7
pour mixture,6,7
pour mixture,6,7
pour mixture,6,7
pour mixture,6,7
pour mixture,6,7
pour mixture,6,7
pour mixture,6,7
pour mixture,6,7
pour mixture,6,7
pour mixture,6,7
pour mixture,6,7
pour mixture,6,7
pour mixture,6,7
pour mixture,6,7
pour mixture,6,7
pour mixture,6,7
pour mixture,6,7
pour mixture,6,7
pour mixture,6,7
pour mixture,6,7
pour mixture,6,7
pour mixture,6,7
pour mixture,6,7
pour mixture,6,7
pour mixture,6,7
pour mixture,6,7
pour mixture,6,7
pour mixture,6,7
pour mixture,6,7
pour mixture,6,7
pour mixture,6,7
pour mixture,6,7
pour mixture,6,7
pour mixture,6,7
pour mixture,6,7
pour mixture,6,7
pour mixture,6,7
pour mixture,6,7
pour mixture,6,7
pour mixture,6,7
pour mixture,6,7
pour mixture,6,7
pour mixture,6,7
pour mixture,6,7
pour mixture,6,7
pour mixture,6,7
pour mixture,6,7
pour mixture,6,7
pour mixture,6,7
pour mixture,6,7
pour mixture,6,7
pour mixture,6,7
pour mixture,6,7
pour mixture,6,7
pour mixture,6,7
pour mixture,6,7
pour mixture,6,7
pour mixture,6,7
pour mixture,6,7
pour mixture,6,7
pour mixture,6,7
pour mixture,6,7
pour mixture,6,7
pour mixture,6,7
pour mixture,6,7
pour mixture,6,7
pour mixture,6,7
pour mixture,6,7
pour mixture,6,7
pour mixture,6,7
pour mixture,6,7
pour mixture,6,7
pour mixture,6,7
pour mixture,6,7
pour mixture,6,7
pour mixture,6,7
pour mixture,6,7
pour mixture,6,7
pour mixture,6,7
pour mixture,6,7
pour mixture,6,7
pour mixture,6,7
pour mixture,6,7
pour mixture,6,7
pour mixture,6,7
pour mixture,6,7
pour mixture,6,7
pour mixture,6,7
pour mixture,6,7
pour mixture,6,7
pour mixture,6,7
pour mixture,6,7
pour mixture,6,7
pour mixture,6,7
pour mixture,6,7
pour mixture,6,7
pour mixture,6,7
pour mixture,6,7
pour mixture,6,7
pour mixture,6,7
pour mixture,6,7
pour mixture,6,7
pour mixture,6,7
pour mixture,6,7
pour mixture,6,7
pour mixture,6,7
pour mixture,6,7
pour mixture,6,7
pour mixture,6,7
pour mixture,6,7
pour mixture,6,7
pour mixture,6,7
pour mixture,6,7
pour mixture,6,7
pour mixture,6,7
pour mixture,6,7
pour mixture,6,7
pour mixture,6,7
pour mixture,6,7
pour mixture,6,7
pour mixture,6,7
pour mixture,6,7
pour mixture,6,7
pour mixture,6,7
pour mixture,6,7
pour mixture,6,7
pour mixture,6,7
pour mixture,6,7
pour mixture,6,7
pour mixture,6,7
pour mixture,6,7
pour mixture,6,7
pour mixture,6,7
pour mixture,6,7
pour mixture,6,7
pour mixture,6,7
pour mixture,6,7
pour mixture,6,7
pour mixture,6,7
pour mixture,6,7
pour mixture,6,7
pour mixture,6,7
pour mixture,6,7
pour mixture,6,7
pour mixture,6,7
pour mixture,6,7
pour mixture,6,7
pour mixture,6,7
pour mixture,6,7
pour mixture,6,7
pour mixture,6,7
pour mixture,6,7
pour mixture,6,7
pour mixture,6,7
pour mixture,6,7
pour mixture,6,7
pour mixture,6,7
pour mixture,6,8
pour mixture,6,9
pour mixture,6,9
pour mixture,6,9
pour mixture,6,9
pour mixture,6,9
pour mixture,6,9
pour mixture,6,9
pour mixture,6,9
pour mixture,6,9
pour mixture,6,9
pour mixture,6,9
pour mixture,6,9
pour mixture,6,9
pour mixture,6,9
pour mixture,6,9
pour mixture,6,9
pour mixture,6,9
pour mixture,6,9
pour mixture,6,9
pour mixture,6,9
pour mixture,6,9
pour mixture,6,9
pour mixture,6,9
pour mixture,6,9
pour mixture,6,9
pour mixture,6,9
pour mixture,6,9
pour mixture,6,9
pour mixture,6,9
pour mixture,6,9
pour mixture,6,9
pour mixture,6,9
pour mixture,6,9
pour mixture,6,9
pour mixture,6,9
pour mixture,6,9
pour mixture,6,9
pour mixture,6,9
pour mixture,6,9
pour mixture,6,9
pour mixture,6,9
pour mixture,6,9
pour mixture,6,9
pour mixture,6,9
pour mixture,6,9
pour mixture,6,9
pour mixture,6,9
pour mixture,6,9
pour mixture,6,9
pour mixture,6,9
pour mixture,6,9
pour mixture,6,9
pour mixture,6,9
pour mixture,6,9
pour mixture,6,9
pour mixture,6,9
pour mixture,6,9
pour mixture,6,9
pour mixture,6,9
pour mixture,6,9
pour mixture,6,9
pour mixture,6,9
pour mixture,6,9
pour mixture,6,9
pour mixture,6,9
pour mixture,6,9
pour mixture,6,9
pour mixture,6,9
pour mixture,6,9
pour mixture,6,9
pour mixture,6,9
pour mixture,6,9
take cup,7,9
take cup,7,9
take cup,7,9
take cup,7,9
take cup,7,9
take cup,7,9
take cup,7,9
take cup,7,9
open microwave,7,9
open microwave,7,9
open microwave,7,9
open microwave,7,9
open microwave,7,9
open microwave,7,9
open microwave,7,9
open microwave,7,9
open microwave,7,9
open microwave,7,9
open microwave,7,9
open microwave,7,9
open microwave,7,9
open microwave,7,9
open microwave,7,9
open microwave,7,9
put cup,7,9
put cup,7,9
put cup,7,9
put cup,7,9
put cup,7,9
put cup,7,9
put cup,7,9
put cup,7,9
close microwave,7,9
close microwave,7,9
close microwave,7,9
close microwave,7,9
close microwave,7,9
close microwave,7,9
close microwave,7,9
close microwave,7,9
close microwave,7,9
close microwave,7,9
close microwave,7,9
close microwave,7,9
close microwave,7,9
close microwave,7,9
close microwave,7,9
press buttons,7,9
press buttons,7,9
press buttons,7,9
press buttons,7,9
press buttons,7,9
press buttons,7,9
press buttons,7,9
press buttons,7,9
press buttons,7,9
press buttons,7,9
press buttons,7,9
press buttons,7,9
press buttons,7,9
press buttons,7,9
press buttons,7,9
press buttons,7,9
press buttons,7,9
press buttons,7,9
press buttons,7,9
press buttons,7,9
press buttons,7,9
press buttons,7,9
press buttons,7,9
press buttons,7,9
press buttons,7,9
press buttons,7,9
press buttons,7,9
press buttons,7,9
press buttons,7,9
press buttons,7,9
press buttons,7,9
press buttons,7,9
press buttons,7,9
press buttons,7,9
press buttons,7,9
press buttons,7,9
press buttons,7,9
press buttons,7,9
press buttons,7,9
press buttons,7,9
press buttons,7,9
press buttons,7,9
press buttons,7,9
press buttons,7,9
press buttons,7,9
press buttons,7,9
press buttons,7,9
press buttons,7,9
press buttons,7,9
press buttons,7,9
press buttons,7,9
press buttons,7,9
press buttons,7,9
press buttons,7,9
press buttons,7,9
press buttons,7,9
press buttons,7,9
press buttons,7,9
press buttons,7,9
press buttons,7,9
press buttons,7,9
open microwave,8,9
open microwave,8,9
open microwave,8,9
open microwave,8,9
open microwave,8,9
open microwave,8,9
open microwave,8,9
open microwave,8,9
open microwave,8,9
open microwave,8,9
open microwave,8,9
open microwave,8,9
open microwave,8,9
open microwave,8,9
open microwave,8,9
take cup,8,9
take cup,8,9
take cup,8,9
take cup,8,9
take cup,8,9
take cup,8,9
take cup,8,9
take cup,8,9
take cup,8,9
take cup,8,9
take cup,8,9
take cup,8,9
take cup,8,9
take cup,8,9
take cup,8,9
take cup,8,9
put cup,8,9
put cup,8,9
put cup,8,9
put cup,8,9
put cup,8,9
put cup,8,9
put cup,8,9
put cup,8,9
put cup,8,9
put cup,8,9
put cup,8,9
put cup,8,9
put cup,8,9
put cup,8,9
put cup,8,9
put cup,8,9
take cup,8,9
take cup,8,9
take cup,8,9
take cup,8,9
take cup,8,9
take cup,8,9
take cup,8,9
put cup,8,9
put cup,8,9
put cup,8,9
put cup,8,9
put cup,8,9
put cup,8,9
put cup,8,9
put cup,8,9
open container,8,9
open container,8,9
open container,8,9
open container,8,9
open container,8,9
open container,8,9
open container,8,9
open container,8,9
open container,8,9
open container,8,9
open container,8,9
open container,8,9
open container,8,9
open container,8,9
open container,8,9
open container,8,9
take wire,8,9
take wire,8,9
take wire,8,9
take wire,8,9
take wire,8,9
take wire,8,9
take wire,8,9
take wire,8,9
take wire,8,9
take wire,8,9
take wire,8,9
take wire,8,9
take wire,8,9
take wire,8,9
take wire,8,9
insert wire,8,9
insert wire,8,10
insert wire,8,10
insert wire,8,10
insert wire,8,10
insert wire,8,10
insert wire,8,10
insert wire,8,10
insert wire,8,10
insert wire,8,10
insert wire,8,10
insert wire,8,10
insert wire,8,10
insert wire,8,10
insert wire,8,10
insert wire,8,10
insert wire,8,10
insert wire,8,10
insert wire,8,10
insert wire,8,10
insert wire,8,10
insert wire,8,10
insert wire,8,10
take cap,8,10
take cap,8,10
take cap,8,10
take cap,8,10
take cap,8,10
take cap,8,10
take cap,8,10
close container,8,10
close container,8,10
close container,8,10
close container,8,10
close container,8,10
close container,8,10
close container,8,10
close container,8,10
close container,8,10
close container,8,10
close container,8,10
close container,8,10
close container,8,10
close container,8,10
close container,8,10
close container,8,10
close container,8,10
close container,8,10
close container,8,10
close container,8,10
close container,8,10
close container,8,10
close container,8,10
close container,8,10
close container,8,10
close container,8,10
close container,8,10
close container,8,10
close container,8,10
close container,8,10
close container,8,10
close container,8,10
close container,8,10
close container,8,10
close container,8,10
close container,8,10
close container,8,10
close container,8,10
take cup,9,10
take cup,9,10
take cup,9,10
take cup,9,10
take cup,9,10
take cup,9,10
take cup,9,10
take cup,9,10
put cup plate,9,10
put cup plate,9,10
put cup plate,9,10
put cup plate,9,10
put cup plate,9,10
put cup plate,9,10
put cup plate,9,10
put cup plate,9,10
put cup plate,9,10
put cup plate,9,10
put cup plate,9,10
put cup plate,9,10
put cup plate,9,10
put cup plate,9,10
put cup plate,9,10
put cup plate,9,10
take cup,9,10
take cup,9,10
take cup,9,10
take cup,9,10
take cup,9,10
take cup,9,10
take cup,9,10
put cup,9,10
put cup,9,10
put cup,9,10
put cup,9,10
put cup,9,10
put cup,9,10
put cup,9,10
put cup,9,10
take bag,10,10
take bag,10,10
take bag,10,10
take bag,10,10
take bag,10,10
take bag,10,10
take bag,10,10
take bag,10,10
take bag,10,10
take bag,10,10
take bag,10,10
take bag,10,10
take bag,10,10
take bag,10,10
take bag,10,10
take bag,10,10
take bag,10,10
take bag,10,10
take bag,10,11
take bag,10,11
take bag,10,11
take bag,10,11
take bag,10,11
open box,10,11
open box,10,11
open box,10,11
open box,10,11
open box,10,11
open box,10,11
open box,10,11
open box,10,11
open box,10,11
open box,10,11
open box,10,11
open box,10,11
open box,10,11
open box,10,11
open box,10,11
open box,10,11
take bag,10,11
take bag,10,11
take bag,10,11
take bag,10,11
take bag,10,11
take bag,10,11
take bag,10,11
take bag,10,11
take bag,10,11
take bag,10,11
take bag,10,11
take bag,10,11
take bag,10,11
take bag,10,11
take bag,10,11
take bag,10,11
take bag,10,11
take bag,10,11
take bag,10,11
take bag,10,11
take bag,10,11
take bag,10,11
take spoon,10,11
take spoon,10,11
take spoon,10,11
take spoon,10,11
take spoon,10,11
take spoon,10,11
take spoon,10,11
take spoon,10,11
take spoon,10,11
take spoon,10,11
take spoon,10,11
take spoon,10,11
take spoon,10,11
take spoon,10,11
take spoon,10,11
take spoon,10,11
take spoon,10,11
take spoon,10,11
take spoon,10,11
take spoon,10,11
take spoon,10,11
take spoon,10,11
take spoon,10,11
take container,10,11
take container,10,11
take container,10,11
take container,10,11
take container,10,11
take container,10,11
take container,10,11
take container,10,11
open container,10,11
open container,10,11
open container,10,11
open container,10,11
open container,10,11
open container,10,11
open container,10,11
open container,10,11
scoop spreads,10,11
scoop spreads,10,11
scoop spreads,10,11
scoop spreads,10,11
scoop spreads,10,11
scoop spreads,10,11
scoop spreads,10,11
scoop spreads,10,11
scoop spreads,10,11
scoop spreads,10,11
scoop spreads,10,11
scoop spreads,10,11
scoop spreads,10,11
scoop spreads,10,11
scoop spreads,10,11
scoop spreads,10,11
scoop spreads,10,11
scoop spreads,10,11
scoop spreads,10,11
scoop spreads,10,11
scoop spreads,10,11
scoop spreads,10,11
scoop spreads,10,11
insert spreads,10,11
insert spreads,10,11
insert spreads,10,11
insert spreads,10,11
insert spreads,10,11
insert spreads,10,11
insert spreads,10,11
insert spreads,10,11
insert spreads,10,11
insert spreads,10,11
insert spreads,10,11
insert spreads,10,11
insert spreads,10,11
insert spreads,10,11
insert spreads,10,11
insert spreads,10,11
insert spreads,10,11
insert spreads,10,11
insert spreads,10,11
insert spreads,10,11
insert spreads,10,11
insert spreads,10,11
insert spreads,10,11
insert spreads,10,11
insert spreads,10,11
insert spreads,10,11
insert spreads,10,11
insert spreads,10,11
insert spreads,10,11
insert spreads,10,11
scoop spreads,10,11
scoop spreads,10,11
scoop spreads,10,11
scoop spreads,10,11
scoop spreads,10,11
scoop spreads,10,11
scoop spreads,10,11
scoop spreads,10,11
scoop spreads,10,11
scoop spreads,10,11
scoop spreads,10,11
scoop spreads,10,11
scoop spreads,10,11
scoop spreads,10,11
scoop spreads,10,11
scoop spreads,10,11
insert spreads,10,11
insert spreads,10,11
insert spreads,10,11
insert spreads,10,11
insert spreads,10,11
insert spreads,10,11
insert spreads,10,11
insert spreads,10,11
insert spreads,10,11
insert spreads,10,11
insert spreads,10,11
insert spreads,10,11
insert spreads,10,11
insert spreads,10,11
insert spreads,10,11
insert spreads,10,11
insert spreads,10,11
insert spreads,10,11
insert spreads,10,11
insert spreads,10,11
insert spreads,10,11
insert spreads,10,11
insert spreads,10,11
insert spreads,10,11
insert spreads,10,11
insert spreads,10,11
insert spreads,10,11
insert spreads,10,11
insert spreads,10,11
insert spreads,10,11
insert spreads,10,11
insert spreads,10,11
insert spreads,10,11
insert spreads,10,11
insert spreads,10,11
insert spreads,10,11
insert spreads,10,11
scoop spreads,10,11
scoop spreads,10,11
scoop spreads,10,11
scoop spreads,10,11
scoop spreads,10,11
scoop spreads,10,11
scoop spreads,10,11
scoop spreads,10,11
scoop spreads,10,11
scoop spreads,10,11
scoop spreads,10,11
scoop spreads,10,11
scoop spreads,10,11
scoop spreads,10,11
scoop spreads,10,11
scoop spreads,10,11
insert spreads,10,11
insert spreads,10,11
insert spreads,10,11
insert spreads,10,11
insert spreads,10,11
insert spreads,10,11
insert spreads,10,11
insert spreads,10,11
insert spreads,10,11
insert spreads,10,11
insert spreads,10,11
insert spreads,10,11
insert spreads,10,11
insert spreads,10,11
insert spreads,10,11
insert spreads,10,11
insert spreads,10,11
insert spreads,10,11
insert spreads,10,11
insert spreads,10,11
insert spreads,10,11
insert spreads,10,11
insert spreads,10,11
insert spreads,10,11
insert spreads,10,11
insert spreads,10,11
insert spreads,10,11
insert spreads,10,11
insert spreads,10,11
insert spreads,10,11
insert spreads,10,11
insert spreads,10,11
insert spreads,10,11
insert spreads,10,11
insert spreads,10,11
insert spreads,10,11
insert spreads,10,11
insert spreads,10,11
scoop spreads,10,11
scoop spreads,10,11
scoop spreads,10,11
scoop spreads,10,11
scoop spreads,10,11
scoop spreads,10,11
scoop spreads,10,11
scoop spreads,10,11
scoop spreads,10,11
scoop spreads,10,11
scoop spreads,10,11
scoop spreads,10,11
scoop spreads,10,11
scoop spreads,10,11
scoop spreads,10,11
insert spreads,10,11
insert spreads,10,11
insert spreads,10,11
insert spreads,10,11
insert spreads,10,11
insert spreads,10,11
insert spreads,10,11
insert spreads,10,11
insert spreads,10,11
insert spreads,10,11
insert spreads,10,11
insert spreads,10,11
insert spreads,10,11
insert spreads,10,11
insert spreads,10,11
insert spreads,10,11
insert spreads,10,11
insert spreads,10,11
insert spreads,10,11
insert spreads,10,11
insert spreads,10,11
insert spreads,10,11
insert spreads,10,11
insert spreads,10,11
insert spreads,10,11
insert spreads,10,11
insert spreads,10,11
insert spreads,10,11
insert spreads,10,11
insert spreads,10,11
insert spreads,10,11
insert spreads,10,11
insert spreads,10,11
insert spreads,10,11
insert spreads,10,11
insert spreads,10,11
insert spreads,10,11
insert spreads,10,11
close bag,10,11
close bag,10,11
close bag,10,11
close bag,10,11
close bag,10,11
close bag,10,11
close bag,10,11
close bag,10,11
close bag,10,11
close bag,10,11
close bag,10,11
close bag,10,11
close bag,10,11
close bag,10,11
close bag,10,11
close bag,10,11
close bag,10,11
close bag,10,11
close bag,10,11
close bag,10,11
close bag,10,11
close bag,10,11
close bag,10,11
close bag,10,11
close bag,10,11
close bag,10,11
close bag,10,11
close bag,10,11
close bag,10,11
close bag,10,11
scrape spreads,10,11
scrape spreads,10,11
scrape spreads,10,11
scrape spreads,10,11
scrape spreads,10,11
scrape spreads,10,11
scrape spreads,10,11
scrape spreads,10,11
scrape spreads,10,11
scrape spreads,10,11
scrape spreads,10,11
scrape spreads,10,11
scrape spreads,10,11
scrape spreads,10,11
scrape spreads,10,11
scrape spreads,10,11
scrape spreads,10,11
scrape spreads,10,11
scrape spreads,10,11
scrape spreads,10,11
scrape spreads,10,11
scrape spreads,10,11
scrape spreads,10,11
scrape spreads,10,11
scrape spreads,10,11
scrape spreads,10,11
scrape spreads,10,11
scrape spreads,10,11
scrape spreads,10,11
scrape spreads,10,11
scrape spreads,10,11
scrape spreads,10,11
scrape spreads,10,11
scrape spreads,10,11
scrape spreads,10,11
scrape spreads,10,11
scrape spreads,10,11
scrape spreads,10,11
scrape spreads,10,11
scrape spreads,10,11
scrape spreads,10,11
scrape spreads,10,11
scrape spreads,10,11
scrape spreads,10,11
scrape spreads,10,11
scrape spreads,10,11
scrape spreads,10,11
scrape spreads,10,11
scrape spreads,10,11
scrape spreads,10,11
scrape spreads,10,11
scrape spreads,10,11
scrape spreads,10,11
scrape spreads,10,11
scrape spreads,10,11
scrape spreads,10,11
scrape spreads,10,11
scrape spreads,10,11
scrape spreads,10,11
scrape spreads,10,11
scrape spreads,10,11
scrape spreads,10,11
scrape spreads,10,11
scrape spreads,10,11
scrape spreads,10,11
scrape spreads,10,11
scrape spreads,10,11
scrape spreads,10,11
scrape spreads,10,11
scrape spreads,10,11
scrape spreads,10,11
scrape spreads,10,11
scrape spreads,10,11
scrape spreads,10,11
scrape spreads,10,11
scrape spreads,10,11
scrape spreads,10,11
scrape spreads,10,11
scrape spreads,10,11
scrape spreads,10,11
scrape spreads,10,11
scrape spreads,10,11
scrape spreads,10,11
scrape spreads,10,11
scrape spreads,10,11
scrape spreads,10,11
scrape spreads,10,11
scrape spreads,10,11
scrape spreads,10,11
scrape spreads,10,11
scrape spreads,10,11
scrape spreads,10,11
scrape spreads,10,11
scrape spreads,10,11
scrape spreads,10,11
scrape spreads,10,11
scrape spreads,10,11
scrape spreads,10,11
scrape spreads,10,11
scrape spreads,10,11
scrape spreads,10,11
scrape spreads,10,11
scrape spreads,10,11
scrape spreads,10,11
scrape spreads,10,11
scrape spreads,10,11
scrape spreads,10,11
scrape spreads,10,11
scrape spreads,10,11
scrape spreads,10,11
scrape spreads,10,11
scrape spreads,10,11
scrape spreads,10,11
scrape spreads,10,11
scrape spreads,10,11
scrape spreads,10,11
scrape spreads,10,11
scrape spreads,10,11
scrape spreads,10,11
scrape spreads,10,11
scrape spreads,10,11
scrape spreads,10,11
scrape spreads,10,11
scrape spreads,10,11
scrape spreads,10,11
scrape spreads,10,11
scrape spreads,10,11
scrape spreads,10,11
scrape spreads,10,11
scrape spreads,10,11
scrape spreads,10,11
scrape spreads,10,11
scrape spreads,10,11
scrape spreads,10,11
scrape spreads,10,11
scrape spreads,10,11
scrape spreads,10,11
scrape spreads,10,11
scrape spreads,10,11
scrape spreads,10,11
scrape spreads,10,11
scrape spreads,10,11
scrape spreads,10,11
scrape spreads,10,11
scrape spreads,10,11
scrape spreads,10,11
scrape spreads,10,11
scrape spreads,10,11
scrape spreads,10,11
scrape spreads,10,11
scrape spreads,10,11
scrape spreads,10,11
scrape spreads,10,11
scrape spreads,10,11
scrape spreads,10,11
scrape spreads,10,11
scrape spreads,10,11
scrape spreads,10,11
scrape spreads,10,11
scrape spreads,10,11
scrape spreads,10,11
scrape spreads,10,11
scrape spreads,10,11
scrape spreads,10,11
scrape spreads,10,11
scrape spreads,10,11
scrape spreads,10,11
scrape spreads,10,11
scrape spreads,10,11
scrape spreads,10,11
scrape spreads,10,11
scrape spreads,10,11
scrape spreads,10,11
scrape spreads,10,11
scrape spreads,10,11
scrape spreads,10,11
scrape spreads,10,11
scrape spreads,10,11
scrape spreads,10,11
scrape spreads,10,11
scrape spreads,10,11
scrape spreads,10,11
scrape spreads,10,11
scrape spreads,10,11
scrape spreads,10,11
scrape spreads,10,11
scrape spreads,10,11
scrape spreads,10,11
scrape spreads,10,11
scrape spreads,10,11
scrape spreads,10,11
scrape spreads,10,11
scrape spreads,10,11
scrape spreads,10,11
scrape spreads,10,11
scrape spreads,10,11
scrape spreads,10,11
scrape spreads,10,11
scrape spreads,10,11
scrape spreads,10,11
scrape spreads,10,11
scrape spreads,10,11
scrape spreads,10,11
scrape spreads,10,11
scrape spreads,10,11
scrape spreads,10,11
scrape spreads,10,11
scrape spreads,10,11
scrape spreads,10,11
scrape spreads,10,11
scrape spreads,10,11
scrape spreads,10,11
scrape spreads,10,11
scrape spreads,10,11
scrape spreads,10,11
scrape spreads,10,11
scrape spreads,10,11
scrape spreads,10,11
scrape spreads,10,11
scrape spreads,10,11
scrape spreads,10,11
scrape spreads,10,11
scrape spreads,10,11
scrape spreads,10,11
scrape spreads,10,11
scrape spreads,10,11
scrape spreads,10,11
cut bag,11,11
cut bag,11,11
cut bag,11,11
cut bag,11,11
cut bag,11,11
cut bag,11,11
cut bag,11,11
cut bag,11,11
take filter,9,11
take filter,9,11
take filter,9,11
take filter,9,11
take filter,9,11
take filter,9,11
take filter,9,11
take filter,9,11
take filter,9,11
take filter,9,11
take filter,9,11
take filter,9,11
take filter,9,11
take filter,9,11
take filter,9,11
take filter,9,11
apply spreads,12,11
apply spreads,12,11
apply spreads,12,11
apply spreads,12,11
apply spreads,12,11
apply spreads,12,11
apply spreads,12,11
apply spreads,12,11
apply spreads,12,11
apply spreads,12,11
apply spreads,12,11
apply spreads,12,11
apply spreads,12,11
apply spreads,12,11
apply spreads,12,11
apply spreads,12,11
apply spreads,12,11
apply spreads,12,11
apply spreads,12,11
apply spreads,12,11
apply spreads,12,11
apply spreads,12,11
apply spreads,12,11
apply spreads,12,11
apply spreads,12,11
apply spreads,12,11
apply spreads,12,11
apply spreads,12,11
apply spreads,12,11
apply spreads,12,11
apply spreads,12,11
apply spreads,12,11
apply spreads,12,11
apply spreads,12,11
apply spreads,12,11
apply spreads,12,11
apply spreads,12,11
apply spreads,12,11
apply spreads,12,11
apply spreads,12,11
apply spreads,12,11
apply spreads,12,11
apply spreads,12,11
apply spreads,12,11
apply spreads,12,11
apply spreads,12,11
apply spreads,12,11
apply spreads,12,11
apply spreads,12,11
apply spreads,12,11
apply spreads,12,11
apply spreads,12,11
apply spreads,12,11
apply spreads,12,11
apply spreads,12,11
apply spreads,12,11
apply spreads,12,11
apply spreads,12,11
apply spreads,12,11
apply spreads,12,11
apply spreads,12,11
apply spreads,12,11
apply spreads,12,11
apply spreads,12,11
apply spreads,12,11
apply spreads,12,11
apply spreads,12,11
apply spreads,12,11
apply spreads,12,11
apply spreads,12,11
apply spreads,12,11
apply spreads,12,11
apply spreads,12,11
apply spreads,12,11
apply spreads,12,11
apply spreads,12,11
apply spreads,12,11
apply spreads,12,11
apply spreads,12,11
apply spreads,12,11
apply spreads,12,11
apply spreads,12,11
apply spreads,12,11
apply spreads,12,11
apply spreads,12,11
apply spreads,12,11
apply spreads,12,11
apply spreads,12,11
apply spreads,12,11
apply spreads,12,11
apply spreads,12,11
apply spreads,12,11
apply spreads,12,11
apply spreads,12,11
apply spreads,12,11
apply spreads,12,11
apply spreads,12,11
apply spreads,12,11
apply spreads,12,11
apply spreads,12,11
apply spreads,12,11
apply spreads,12,11
apply spreads,12,11
apply spreads,12,11
apply spreads,12,11
apply spreads,12,11
apply spreads,12,11
apply spreads,12,11
apply spreads,12,11
apply spreads,12,11
apply spreads,12,11
apply spreads,12,11
apply spreads,12,11
apply spreads,12,11
apply spreads,12,11
apply spreads,12,11
apply spreads,12,11
apply spreads,12,11
apply spreads,12,11
apply spreads,12,11
apply spreads,12,11
apply spreads,12,11
apply spreads,12,11
apply spreads,12,11
apply spreads,12,11
apply spreads,12,11
apply spreads,12,11
apply spreads,12,11
apply spreads,12,11
apply spreads,12,11
apply spreads,12,11
apply spreads,12,11
apply spreads,12,11
apply spreads,12,11
apply spreads,12,11
apply spreads,12,11
apply spreads,12,11
apply spreads,12,11
apply spreads,12,11
apply spreads,12,11
apply spreads,12,11
apply spreads,12,11
apply spreads,12,11
apply spreads,12,11
apply spreads,12,11
apply spreads,12,11
apply spreads,12,11
apply spreads,12,11
apply spreads,12,11
apply spreads,12,11
apply spreads,12,11
apply spreads,12,11
apply spreads,12,11
apply spreads,12,11
apply spreads,12,11
apply spreads,12,11
apply spreads,12,11
apply spreads,12,11
apply spreads,12,11
apply spreads,12,11
apply spreads,12,11
apply spreads,12,11
apply spreads,12,11
apply spreads,12,11
apply spreads,12,11
apply spreads,12,11
apply spreads,12,11
apply spreads,12,11
apply spreads,12,11
apply spreads,12,11
apply spreads,12,11
apply spreads,12,11
apply spreads,12,11
apply spreads,12,11
apply spreads,12,11
apply spreads,12,11
apply spreads,12,11
apply spreads,12,11
apply spreads,12,11
apply spreads,12,11
apply spreads,12,11
apply spreads,12,11
apply spreads,12,11
apply spreads,12,11
apply spreads,12,11
apply spreads,12,11
apply spreads,12,11
apply spreads,12,11
apply spreads,12,11
apply spreads,12,11
apply spreads,12,11
apply spreads,12,11
apply spreads,12,11
